step,type,amount,isFraud,sender_txn_count_before,sender_avg_amount_before,receiver_txn_count_before,receiver_avg_amount_before,sender_amount_vs_avg,receiver_amount_vs_avg,sender_txn_count_recent,receiver_txn_count_recent,sender_amount_recent,receiver_amount_recent,sender_old_balance,receiver_old_balance,sender_balance_to_amount,receiver_balance_to_amount,sender_zero_balance,receiver_zero_balance,ml_fraud_probability,risk_score,risk_level,recommended_action,behavior_score,ml_probability_percent
1,PAYMENT,9839.64,0,0,0.0,0,0.0,0.0,0.0,0,0,0,0.0,170136.0,0.0,17.29087711327081,0.0,0,1,0.0,5.0,LOW,ALLOW,5.0,0.0
1,PAYMENT,1864.28,0,0,0.0,0,0.0,0.0,0.0,0,0,0,0.0,21249.0,0.0,11.397965791659631,0.0,0,1,0.0,5.0,LOW,ALLOW,5.0,0.0
1,TRANSFER,181.0,1,0,0.0,0,0.0,0.0,0.0,0,0,0,0.0,181.0,0.0,1.0,0.0,0,1,0.9866198380542871,66.2,HIGH,STEP-UP AUTHENTICATION / REVIEW,7.0,98.66
1,CASH_OUT,181.0,1,0,0.0,0,0.0,0.0,0.0,0,0,0,0.0,181.0,21182.0,1.0,117.02762430939228,0,0,0.9035009850314547,57.21,MEDIUM,ADDITIONAL VERIFICATION,3.0,90.35
1,PAYMENT,11668.14,0,0,0.0,0,0.0,0.0,0.0,0,0,0,0.0,41554.0,0.0,3.561321791821764,0.0,0,1,0.0,5.0,LOW,ALLOW,5.0,0.0
1,PAYMENT,7817.71,0,0,0.0,0,0.0,0.0,0.0,0,0,0,0.0,53860.0,0.0,6.889485574307634,0.0,0,1,0.0,5.0,LOW,ALLOW,5.0,0.0
1,PAYMENT,7107.77,0,0,0.0,0,0.0,0.0,0.0,0,0,0,0.0,183195.0,0.0,25.773906513098115,0.0,0,1,0.0,5.0,LOW,ALLOW,5.0,0.0
1,PAYMENT,7861.64,0,0,0.0,0,0.0,0.0,0.0,0,0,0,0.0,176087.234375,0.0,22.39828220482429,0.0,0,1,0.0,5.0,LOW,ALLOW,5.0,0.0
1,PAYMENT,4024.36,0,0,0.0,0,0.0,0.0,0.0,0,0,0,0.0,2671.0,0.0,0.6637080004530514,0.0,0,1,0.00547727971650937,20.33,LOW,ALLOW,20.0,0.55
1,DEBIT,5337.77,0,0,0.0,0,0.0,0.0,0.0,0,0,0,0.0,41720.0,41898.0,7.815998038009091,7.849345297135784,0,0,0.006357217386821309,0.38,LOW,ALLOW,0.0,0.64
1,DEBIT,9644.94,0,0,0.0,0,0.0,0.0,0.0,0,0,0,0.0,4465.0,10845.0,0.4629370220117231,1.1244237410340732,0,0,0.012763353616172346,15.77,LOW,ALLOW,15.0,1.28
1,PAYMENT,3099.97,0,0,0.0,0,0.0,0.0,0.0,0,0,0,0.0,20771.0,0.0,6.700387486427422,0.0,0,1,0.0,5.0,LOW,ALLOW,5.0,0.0
1,PAYMENT,2560.74,0,0,0.0,0,0.0,0.0,0.0,0,0,0,0.0,5070.0,0.0,1.9798964437369375,0.0,0,1,0.0,5.0,LOW,ALLOW,5.0,0.0
1,PAYMENT,11633.76,0,0,0.0,0,0.0,0.0,0.0,0,0,0,0.0,10127.0,0.0,0.8704838507945541,0.0,0,1,0.00618350222389134,20.37,LOW,ALLOW,20.0,0.62
1,PAYMENT,4098.78,0,0,0.0,0,0.0,0.0,0.0,0,0,0,0.0,503264.0,0.0,122.7838591920876,0.0,0,1,0.0,5.0,LOW,ALLOW,5.0,0.0
1,CASH_OUT,229133.94,0,0,0.0,0,0.0,0.0,0.0,0,0,0,0.0,15325.0,5083.0,0.0668822792782496,0.0221835318480484,0,0,0.043191393889617444,20.59,LOW,ALLOW,18.0,4.32
1,PAYMENT,1563.82,0,0,0.0,0,0.0,0.0,0.0,0,0,0,0.0,450.0,0.0,0.2877569128516667,0.0,0,1,0.00547727971650937,20.33,LOW,ALLOW,20.0,0.55
1,PAYMENT,1157.86,0,0,0.0,0,0.0,0.0,0.0,0,0,0,0.0,21156.0,0.0,18.271639289422698,0.0,0,1,0.0,5.0,LOW,ALLOW,5.0,0.0
1,PAYMENT,671.64,0,0,0.0,0,0.0,0.0,0.0,0,0,0,0.0,15123.0,0.0,22.516526219653496,0.0,0,1,0.0,5.0,LOW,ALLOW,5.0,0.0
1,TRANSFER,215310.3,0,0,0.0,0,0.0,0.0,0.0,0,0,0,0.0,705.0,22425.0,0.0032743440988764,0.1041520091025604,0,0,0.012775525431846258,17.77,LOW,ALLOW,17.0,1.28
1,PAYMENT,1373.43,0,0,0.0,0,0.0,0.0,0.0,0,0,0,0.0,13854.0,0.0,10.087153665064488,0.0,0,1,0.0,5.0,LOW,ALLOW,5.0,0.0
1,DEBIT,9302.79,0,0,0.0,0,0.0,0.0,0.0,0,0,0,0.0,11299.0,29832.0,1.2145818569004994,3.206779888048119,0,0,0.012812880725769898,0.77,LOW,ALLOW,0.0,1.28
1,DEBIT,1065.41,0,0,0.0,0,0.0,0.0,0.0,0,0,0,0.0,1817.0,10330.0,1.7054466747152417,9.695797550802666,0,0,0.012763452902058606,0.77,LOW,ALLOW,0.0,1.28
1,PAYMENT,3876.41,0,0,0.0,0,0.0,0.0,0.0,0,0,0,0.0,67852.0,0.0,17.503824811725824,0.0,0,1,0.0,5.0,LOW,ALLOW,5.0,0.0
1,TRANSFER,311685.88,0,0,0.0,0,0.0,0.0,0.0,0,0,0,0.0,10835.0,6267.0,0.0347625634302484,0.0201067821889586,0,0,0.018915038539367702,18.13,LOW,ALLOW,17.0,1.89
1,PAYMENT,6061.13,0,0,0.0,0,0.0,0.0,0.0,0,0,0,0.0,443.0,0.0,0.0730886828966018,0.0,0,1,0.00618350222389134,20.37,LOW,ALLOW,20.0,0.62
1,PAYMENT,9478.39,0,0,0.0,0,0.0,0.0,0.0,0,0,0,0.0,116494.0,0.0,12.290484388263556,0.0,0,1,0.0,5.0,LOW,ALLOW,5.0,0.0
1,PAYMENT,8009.09,0,0,0.0,0,0.0,0.0,0.0,0,0,0,0.0,10968.0,0.0,1.3694439960064906,0.0,0,1,0.0,5.0,LOW,ALLOW,5.0,0.0
1,PAYMENT,8901.99,0,0,0.0,0,0.0,0.0,0.0,0,0,0,0.0,2958.909912109375,0.0,0.3323874587823693,0.0,0,1,0.00618350222389134,20.37,LOW,ALLOW,20.0,0.62
1,PAYMENT,9920.52,0,0,0.0,0,0.0,0.0,0.0,0,0,0,0.0,0.0,0.0,0.0,0.0,1,1,8.645922160006689e-05,13.01,LOW,ALLOW,13.0,0.01
1,PAYMENT,3448.92,0,0,0.0,0,0.0,0.0,0.0,0,0,0,0.0,0.0,0.0,0.0,0.0,1,1,8.645922160006689e-05,13.01,LOW,ALLOW,13.0,0.01
1,PAYMENT,4206.84,0,0,0.0,0,0.0,0.0,0.0,0,0,0,0.0,0.0,0.0,0.0,0.0,1,1,8.645922160006689e-05,13.01,LOW,ALLOW,13.0,0.01
1,PAYMENT,5885.56,0,0,0.0,0,0.0,0.0,0.0,0,0,0,0.0,0.0,0.0,0.0,0.0,1,1,8.645922160006689e-05,13.01,LOW,ALLOW,13.0,0.01
1,PAYMENT,5307.88,0,0,0.0,0,0.0,0.0,0.0,0,0,0,0.0,0.0,0.0,0.0,0.0,1,1,8.645922160006689e-05,13.01,LOW,ALLOW,13.0,0.01
1,PAYMENT,5031.22,0,0,0.0,0,0.0,0.0,0.0,0,0,0,0.0,0.0,0.0,0.0,0.0,1,1,8.645922160006689e-05,13.01,LOW,ALLOW,13.0,0.01
1,PAYMENT,24213.67,0,0,0.0,0,0.0,0.0,0.0,0,0,0,0.0,0.0,0.0,0.0,0.0,1,1,8.645922160006689e-05,13.01,LOW,ALLOW,13.0,0.01
1,PAYMENT,8603.42,0,0,0.0,0,0.0,0.0,0.0,0,0,0,0.0,253.0,0.0,0.0294069105422512,0.0,0,1,0.00618350222389134,20.37,LOW,ALLOW,20.0,0.62
1,PAYMENT,2791.42,0,0,0.0,0,0.0,0.0,0.0,0,0,0,0.0,300481.0,0.0,107.64449936223374,0.0,0,1,0.0,5.0,LOW,ALLOW,5.0,0.0
1,PAYMENT,7413.54,0,0,0.0,0,0.0,0.0,0.0,0,0,0,0.0,297689.59375,0.0,40.154850743565305,0.0,0,1,0.0,5.0,LOW,ALLOW,5.0,0.0
1,PAYMENT,3295.19,0,0,0.0,0,0.0,0.0,0.0,0,0,0,0.0,233633.0,0.0,70.90122395199323,0.0,0,1,0.0,5.0,LOW,ALLOW,5.0,0.0
1,PAYMENT,1684.81,0,0,0.0,0,0.0,0.0,0.0,0,0,0,0.0,297.0,0.0,0.1762809988491493,0.0,0,1,0.00547727971650937,20.33,LOW,ALLOW,20.0,0.55
1,DEBIT,5758.59,0,0,0.0,0,0.0,0.0,0.0,0,0,0,0.0,32604.0,209699.0,5.6618027823923365,36.41499146316068,0,0,0.006357217386821309,0.38,LOW,ALLOW,0.0,0.64
1,CASH_OUT,110414.71,0,0,0.0,0,0.0,0.0,0.0,0,0,0,0.0,26845.41015625,288800.0,0.2431325493524661,2.6155934978942668,0,0,0.0005382523815125214,18.03,LOW,ALLOW,18.0,0.05
1,PAYMENT,7823.46,0,0,0.0,0,0.0,0.0,0.0,0,0,0,0.0,998.0,0.0,0.1275650421914357,0.0,0,1,0.00618350222389134,20.37,LOW,ALLOW,20.0,0.62
1,PAYMENT,5086.48,0,0,0.0,0,0.0,0.0,0.0,0,0,0,0.0,0.0,0.0,0.0,0.0,1,1,8.645922160006689e-05,13.01,LOW,ALLOW,13.0,0.01
1,PAYMENT,5281.48,0,0,0.0,0,0.0,0.0,0.0,0,0,0,0.0,152019.0,0.0,28.78340930235009,0.0,0,1,0.0,5.0,LOW,ALLOW,5.0,0.0
1,PAYMENT,13875.98,0,0,0.0,0,0.0,0.0,0.0,0,0,0,0.0,15818.0,0.0,1.1399554817494597,0.0,0,1,0.0,5.0,LOW,ALLOW,5.0,0.0
1,CASH_OUT,56953.9,0,0,0.0,0,0.0,0.0,0.0,0,0,0,0.0,1942.02001953125,70253.0,0.0340981051834824,1.233506431119797,0,0,0.00032724905379444383,18.02,LOW,ALLOW,18.0,0.03
1,CASH_OUT,5346.89,0,0,0.0,0,0.0,0.0,0.0,0,0,0,0.0,0.0,652637.0,0.0,122.05917520506728,1,0,0.008527888059813464,11.51,LOW,ALLOW,11.0,0.85
1,PAYMENT,2204.04,0,0,0.0,0,0.0,0.0,0.0,0,0,0,0.0,586.0,0.0,0.2658753877489713,0.0,0,1,0.00547727971650937,20.33,LOW,ALLOW,20.0,0.55
1,PAYMENT,2641.47,0,0,0.0,0,0.0,0.0,0.0,0,0,0,0.0,23053.0,0.0,8.727337526333336,0.0,0,1,0.0,5.0,LOW,ALLOW,5.0,0.0
1,CASH_OUT,23261.3,0,0,0.0,0,0.0,0.0,0.0,0,0,0,0.0,20411.529296875,25742.0,0.8774887306959168,1.1066449052904896,0,0,0.0793856982728367,22.76,LOW,ALLOW,18.0,7.94
1,PAYMENT,2330.64,0,0,0.0,0,0.0,0.0,0.0,0,0,0,0.0,203543.0,0.0,87.3335261479813,0.0,0,1,0.0,5.0,LOW,ALLOW,5.0,0.0
1,PAYMENT,1614.64,0,0,0.0,0,0.0,0.0,0.0,0,0,0,0.0,41276.0,0.0,25.563592891005616,0.0,0,1,0.0,5.0,LOW,ALLOW,5.0,0.0
1,PAYMENT,9164.71,0,0,0.0,0,0.0,0.0,0.0,0,0,0,0.0,47235.76953125,0.0,5.154093226363057,0.0,0,1,0.0,5.0,LOW,ALLOW,5.0,0.0
1,PAYMENT,2970.97,0,0,0.0,0,0.0,0.0,0.0,0,0,0,0.0,38071.05859375,0.0,12.814353214327475,0.0,0,1,0.0,5.0,LOW,ALLOW,5.0,0.0
1,PAYMENT,38.66,0,0,0.0,0,0.0,0.0,0.0,0,0,0,0.0,16174.0,0.0,418.365237036665,0.0,0,1,0.0,5.0,LOW,ALLOW,5.0,0.0
1,PAYMENT,2252.44,0,0,0.0,0,0.0,0.0,0.0,0,0,0,0.0,1627.0,0.0,0.722327805545939,0.0,0,1,0.00547727971650937,20.33,LOW,ALLOW,20.0,0.55
1,TRANSFER,62610.8,0,0,0.0,0,0.0,0.0,0.0,0,0,0,0.0,79114.0,517.0,1.263583902662561,0.0082573612467647,0,0,0.09243267661333947,7.55,LOW,ALLOW,2.0,9.24
1,DEBIT,5529.13,0,0,0.0,0,0.0,0.0,0.0,0,0,0,0.0,8547.0,10206.0,1.5458128459902267,1.8458600568826784,0,0,0.006146214059103231,0.37,LOW,ALLOW,0.0,0.61
1,CASH_OUT,82940.31,0,0,0.0,0,0.0,0.0,0.0,0,0,0,0.0,3017.8701171875,132372.0,0.0363860471008895,1.5959910929923251,0,0,0.00032724905379444383,18.02,LOW,ALLOW,18.0,0.03
1,DEBIT,4510.22,0,0,0.0,0,0.0,0.0,0.0,0,0,0,0.0,10256.0,10697.0,2.273946617117742,2.3717245479044933,0,0,0.006146214059103231,0.37,LOW,ALLOW,0.0,0.61
1,DEBIT,8727.74,0,0,0.0,0,0.0,0.0,0.0,0,0,0,0.0,882770.0,12636.0,101.14531096183752,1.4477974436305934,0,0,0.00021100332771807755,0.01,LOW,ALLOW,0.0,0.02
1,PAYMENT,2599.46,0,0,0.0,0,0.0,0.0,0.0,0,0,0,0.0,874042.25,0.0,336.2399356537021,0.0,0,1,0.0,5.0,LOW,ALLOW,5.0,0.0
1,DEBIT,4874.49,0,0,0.0,0,0.0,0.0,0.0,0,0,0,0.0,153.0,253104.0,0.0313878975325544,51.92419880444229,0,0,0.006146214059103231,15.37,LOW,ALLOW,15.0,0.61
1,PAYMENT,6440.78,0,0,0.0,0,0.0,0.0,0.0,0,0,0,0.0,2192.0,0.0,0.3403314618909647,0.0,0,1,0.00618350222389134,20.37,LOW,ALLOW,20.0,0.62
1,PAYMENT,4910.14,0,0,0.0,0,0.0,0.0,0.0,0,0,0,0.0,41551.0,0.0,8.462283935498197,0.0,0,1,0.0,5.0,LOW,ALLOW,5.0,0.0
1,PAYMENT,6444.64,0,0,0.0,0,0.0,0.0,0.0,0,0,0,0.0,12019.0,0.0,1.8649606099060485,0.0,0,1,0.0,5.0,LOW,ALLOW,5.0,0.0
1,DEBIT,5149.66,0,0,0.0,0,0.0,0.0,0.0,0,0,0,0.0,4782.0,52752.0,0.9286049671056872,10.243782773893605,0,0,0.012787958157225568,15.77,LOW,ALLOW,15.0,1.28
1,PAYMENT,7292.16,0,0,0.0,0,0.0,0.0,0.0,0,0,0,0.0,216827.0,0.0,29.734261913345502,0.0,0,1,0.0,5.0,LOW,ALLOW,5.0,0.0
1,CASH_OUT,47458.86,0,0,0.0,0,0.0,0.0,0.0,0,0,0,0.0,209534.84375,52120.0,4.415083853877388,1.0982143415662315,0,0,0.03662505873364998,5.2,LOW,ALLOW,3.0,3.66
1,CASH_OUT,136872.92,0,0,0.0,0,0.0,0.0,0.0,0,0,0,0.0,162075.984375,217806.0,1.184134759123626,1.5913008724904156,0,0,0.029802952285164993,4.79,LOW,ALLOW,3.0,2.98
1,CASH_OUT,94253.33,0,0,0.0,0,0.0,0.0,0.0,0,0,0,0.0,25203.05078125,99773.0,0.2673969321043537,1.058562089899677,0,0,0.02029499128310082,19.22,LOW,ALLOW,18.0,2.03
1,PAYMENT,2998.04,0,0,0.0,0,0.0,0.0,0.0,0,0,0,0.0,12030.0,0.0,4.012621527150062,0.0,0,1,0.0,5.0,LOW,ALLOW,5.0,0.0
1,PAYMENT,3454.08,0,0,0.0,0,0.0,0.0,0.0,0,0,0,0.0,9031.9599609375,0.0,2.6148669853191056,0.0,0,1,0.0,5.0,LOW,ALLOW,5.0,0.0
1,PAYMENT,4316.2,0,0,0.0,0,0.0,0.0,0.0,0,0,0,0.0,10999.0,0.0,2.54830626529909,0.0,0,1,0.0,5.0,LOW,ALLOW,5.0,0.0
1,PAYMENT,2131.84,0,0,0.0,0,0.0,0.0,0.0,0,0,0,0.0,224.0,0.0,0.1050735471541111,0.0,0,1,0.00547727971650937,20.33,LOW,ALLOW,20.0,0.55
1,PAYMENT,12986.61,0,0,0.0,0,0.0,0.0,0.0,0,0,0,0.0,23350.0,0.0,1.7980057434456418,0.0,0,1,0.0,5.0,LOW,ALLOW,5.0,0.0
1,TRANSFER,42712.39,0,0,0.0,1,5149.66015625,0.0,8.294215410149183,0,1,0,5149.66015625,10363.3896484375,57901.66015625,0.2426319271010717,1.35561740537088,0,0,0.0,27.0,LOW,ALLOW,27.0,0.0
1,TRANSFER,77957.68,0,0,0.0,0,0.0,0.0,0.0,0,0,0,0.0,0.0,94900.0,0.0,1.2173271495562046,1,0,0.002410991620906991,10.14,LOW,ALLOW,10.0,0.24
1,TRANSFER,17231.46,0,0,0.0,0,0.0,0.0,0.0,0,0,0,0.0,0.0,24672.0,0.0,1.4317996651292353,1,0,0.002410991620906991,10.14,LOW,ALLOW,10.0,0.24
1,TRANSFER,78766.03,0,0,0.0,0,0.0,0.0,0.0,0,0,0,0.0,0.0,103772.0,0.0,1.3174714829877885,1,0,0.002410991620906991,10.14,LOW,ALLOW,10.0,0.24
1,TRANSFER,224606.64,0,0,0.0,1,136872.921875,0.0,1.6409866725145483,0,1,0,136872.921875,0.0,354678.90625,0.0,1.5791113978778872,1,0,0.0,10.0,LOW,ALLOW,10.0,0.0
1,TRANSFER,125872.53,0,0,0.0,0,0.0,0.0,0.0,0,0,0,0.0,0.0,348512.0,0.0,2.768769298106889,1,0,0.002410991620906991,10.14,LOW,ALLOW,10.0,0.24
1,TRANSFER,379856.22,0,0,0.0,0,0.0,0.0,0.0,0,0,0,0.0,0.0,900180.0,0.0,2.369791398867285,1,0,0.0032662350989489065,10.2,LOW,ALLOW,10.0,0.33
1,TRANSFER,1505626.0,0,0,0.0,0,0.0,0.0,0.0,0,0,0,0.0,0.0,29031.0,0.0,0.0192816808423871,1,0,0.042011634839100746,12.52,LOW,ALLOW,10.0,4.2
1,TRANSFER,554027.0,0,0,0.0,2,180739.78125,0.0,3.0653295924579416,0,2,0,361479.5625,0.0,579285.5625,0.0,1.0455908511679033,1,0,0.0008552434780419153,10.05,LOW,ALLOW,10.0,0.09
1,TRANSFER,147543.1,0,0,0.0,0,0.0,0.0,0.0,0,0,0,0.0,0.0,223220.0,0.0,1.512913917734628,1,0,0.002410991620906991,10.14,LOW,ALLOW,10.0,0.24
1,TRANSFER,761507.4,0,0,0.0,1,379856.21875,0.0,2.004725307659584,0,1,0,379856.21875,0.0,1280036.25,0.0,1.6809242983365722,1,0,0.0,10.0,LOW,ALLOW,10.0,0.0
1,TRANSFER,1429051.5,0,0,0.0,2,570681.796875,0.0,2.5041126382957226,0,2,0,1141363.59375,0.0,2041543.625,0.0,1.4286004563166548,1,0,0.0,10.0,LOW,ALLOW,10.0,0.0
1,TRANSFER,358831.9,0,0,0.0,1,125872.53125,0.0,2.850756258625728,0,1,0,125872.53125,0.0,474384.53125,0.0,1.3220243879859834,1,0,0.0008552434780419153,10.05,LOW,ALLOW,10.0,0.09
1,TRANSFER,367768.4,0,0,0.0,1,147543.09375,0.0,2.492616881635641,0,1,0,147543.09375,0.0,370763.09375,0.0,1.0081428623261464,1,0,0.0008552434780419153,10.05,LOW,ALLOW,10.0,0.09
1,TRANSFER,209711.11,0,0,0.0,1,110414.7109375,0.0,1.899304065503613,0,1,0,110414.7109375,0.0,399214.71875,0.0,1.903641251718976,1,0,0.0,10.0,LOW,ALLOW,10.0,0.0
1,TRANSFER,583848.44,0,0,0.0,0,0.0,0.0,0.0,0,0,0,0.0,0.0,667778.0,0.0,1.1437523115748682,1,0,0.016412054578677213,10.98,LOW,ALLOW,10.0,1.64
1,TRANSFER,1724887.0,0,0,0.0,3,856805.03125,0.0,2.013161614473188,0,3,0,2570415.09375,0.0,3470595.0,0.0,2.0120709356612925,1,0,0.0,10.0,LOW,ALLOW,10.0,0.0
1,TRANSFER,710544.75,0,0,0.0,2,257655.75,0.0,2.757729062906611,0,2,0,515311.5,0.0,738531.5,0.0,1.0393877373662954,1,0,0.0008552434780419153,10.05,LOW,ALLOW,10.0,0.09
1,TRANSFER,581294.25,0,0,0.0,4,1073825.5234375,0.0,0.5413302601889898,0,4,0,4295302.09375,0.0,5195482.0,0.0,8.93778323112606,1,0,0.0,10.0,LOW,ALLOW,10.0,0.0
1,TRANSFER,11996.58,0,0,0.0,0,0.0,0.0,0.0,0,0,0,0.0,0.0,40255.0,0.0,3.3555396402848534,1,0,0.002410991620906991,10.14,LOW,ALLOW,10.0,0.24
1,PAYMENT,2875.1,0,0,0.0,0,0.0,0.0,0.0,0,0,0,0.0,15443.0,0.0,5.371291250899043,0.0,0,1,0.0,5.0,LOW,ALLOW,5.0,0.0
1,PAYMENT,8586.98,0,0,0.0,0,0.0,0.0,0.0,0,0,0,0.0,3763.0,0.0,0.4382215627128097,0.0,0,1,0.00618350222389134,20.37,LOW,ALLOW,20.0,0.62
1,PAYMENT,871.75,0,0,0.0,0,0.0,0.0,0.0,0,0,0,0.0,19869.0,0.0,22.79208488672211,0.0,0,1,0.0,5.0,LOW,ALLOW,5.0,0.0
1,PAYMENT,1035.36,0,0,0.0,0,0.0,0.0,0.0,0,0,0,0.0,71636.0,0.0,69.18946164958807,0.0,0,1,0.0,5.0,LOW,ALLOW,5.0,0.0
1,PAYMENT,1063.53,0,0,0.0,0,0.0,0.0,0.0,0,0,0,0.0,83084.0,0.0,78.12097233862669,0.0,0,1,0.0,5.0,LOW,ALLOW,5.0,0.0
1,PAYMENT,1019.9,0,0,0.0,0,0.0,0.0,0.0,0,0,0,0.0,204237.0,0.0,200.25198069520115,0.0,0,1,0.0,5.0,LOW,ALLOW,5.0,0.0
1,PAYMENT,4059.38,0,0,0.0,0,0.0,0.0,0.0,0,0,0,0.0,26304.0,0.0,6.479807448268562,0.0,0,1,0.0,5.0,LOW,ALLOW,5.0,0.0
1,PAYMENT,1876.44,0,0,0.0,0,0.0,0.0,0.0,0,0,0,0.0,182.0,0.0,0.0969921797036598,0.0,0,1,0.00547727971650937,20.33,LOW,ALLOW,20.0,0.55
1,CASH_OUT,28404.6,0,0,0.0,0,0.0,0.0,0.0,0,0,0,0.0,0.0,51744.0,0.0,1.8216767957159228,1,0,0.0020474038428749453,11.12,LOW,ALLOW,11.0,0.2
1,CASH_OUT,75405.1,0,0,0.0,0,0.0,0.0,0.0,0,0,0,0.0,0.0,104209.0,0.0,1.3819887227872203,1,0,0.0020474038428749453,11.12,LOW,ALLOW,11.0,0.2
1,CASH_OUT,50101.88,0,0,0.0,0,0.0,0.0,0.0,0,0,0,0.0,0.0,67684.0,0.0,1.350927379922207,1,0,0.0020474038428749453,11.12,LOW,ALLOW,11.0,0.2
1,CASH_OUT,14121.82,0,0,0.0,0,0.0,0.0,0.0,0,0,0,0.0,0.0,52679.0,0.0,3.730326461764346,1,0,0.0020474038428749453,11.12,LOW,ALLOW,11.0,0.2
1,CASH_OUT,78292.91,0,0,0.0,0,0.0,0.0,0.0,0,0,0,0.0,0.0,121112.0,0.0,1.546908983213278,1,0,0.0020474038428749453,11.12,LOW,ALLOW,11.0,0.2
1,CASH_OUT,176149.9,0,0,0.0,0,0.0,0.0,0.0,0,0,0,0.0,0.0,259813.0,0.0,1.474953949911625,1,0,0.0020474038428749453,11.12,LOW,ALLOW,11.0,0.2
1,CASH_OUT,212228.34,0,0,0.0,0,0.0,0.0,0.0,0,0,0,0.0,0.0,429747.0,0.0,2.024927455053939,1,0,0.00566229628997728,11.34,LOW,ALLOW,11.0,0.57
1,CASH_OUT,85423.63,0,0,0.0,5,975319.26875,0.0,0.0875853021154617,0,5,0,4876596.34375,0.0,5776776.5,0.0,67.62503899453323,1,0,0.0,11.0,LOW,ALLOW,11.0,0.0
1,CASH_OUT,11648.5,0,0,0.0,0,0.0,0.0,0.0,0,0,0,0.0,0.0,260976.0,0.0,22.40425805897755,1,0,0.0020474038428749453,11.12,LOW,ALLOW,11.0,0.2
1,PAYMENT,6165.58,0,0,0.0,0,0.0,0.0,0.0,0,0,0,0.0,20925.0,0.0,3.3938412501104764,0.0,0,1,0.0,5.0,LOW,ALLOW,5.0,0.0
1,PAYMENT,3705.83,0,0,0.0,0,0.0,0.0,0.0,0,0,0,0.0,41903.4609375,0.0,11.307442611805197,0.0,0,1,0.0,5.0,LOW,ALLOW,5.0,0.0
1,CASH_OUT,419801.4,0,0,0.0,0,0.0,0.0,0.0,0,0,0,0.0,38197.62890625,499962.0,0.0909897592946664,1.1909488452315065,0,0,0.0005382523815125214,18.03,LOW,ALLOW,18.0,0.05
1,CASH_OUT,335416.5,0,0,0.0,0,0.0,0.0,0.0,0,0,0,0.0,144478.0,295.0,0.4307420773873676,0.0008795035426104,0,0,0.06570493976795459,21.94,LOW,ALLOW,18.0,6.57
1,PAYMENT,3372.29,0,0,0.0,0,0.0,0.0,0.0,0,0,0,0.0,41398.0,0.0,12.275931049960544,0.0,0,1,0.0,5.0,LOW,ALLOW,5.0,0.0
1,PAYMENT,661.43,0,0,0.0,0,0.0,0.0,0.0,0,0,0,0.0,14078.0,0.0,21.284187526858545,0.0,0,1,0.0,5.0,LOW,ALLOW,5.0,0.0
1,DEBIT,864.68,0,0,0.0,0,0.0,0.0,0.0,0,0,0,0.0,69836.0,12040.0,80.76513923248086,13.92422642131665,0,0,0.00021100332771807755,0.01,LOW,ALLOW,0.0,0.02
1,PAYMENT,1203.44,0,0,0.0,0,0.0,0.0,0.0,0,0,0,0.0,29941.0,0.0,24.87951327675994,0.0,0,1,0.0,5.0,LOW,ALLOW,5.0,0.0
1,TRANSFER,330757.03,0,0,0.0,0,0.0,0.0,0.0,0,0,0,0.0,103657.0,79676.0,0.3133931865582978,0.2408898147951314,0,0,0.0197379764556604,18.18,LOW,ALLOW,17.0,1.97
1,PAYMENT,1915.43,0,0,0.0,0,0.0,0.0,0.0,0,0,0,0.0,11450.0,0.0,5.977769837022693,0.0,0,1,0.0,5.0,LOW,ALLOW,5.0,0.0
1,PAYMENT,8.73,0,0,0.0,0,0.0,0.0,0.0,0,0,0,0.0,81313.0,0.0,9314.204383013104,0.0,0,1,0.0,5.0,LOW,ALLOW,5.0,0.0
1,DEBIT,3058.8,0,0,0.0,0,0.0,0.0,0.0,0,0,0,0.0,18138.0,11054.0,5.929776288237264,3.613835433353992,0,0,0.006146214059103231,0.37,LOW,ALLOW,0.0,0.61
1,PAYMENT,5154.97,0,0,0.0,0,0.0,0.0,0.0,0,0,0,0.0,9476.0,0.0,1.8382259460421,0.0,0,1,0.0,5.0,LOW,ALLOW,5.0,0.0
1,PAYMENT,5213.25,0,0,0.0,0,0.0,0.0,0.0,0,0,0,0.0,36380.0,0.0,6.978372416438882,0.0,0,1,0.0,5.0,LOW,ALLOW,5.0,0.0
1,PAYMENT,5392.75,0,0,0.0,0,0.0,0.0,0.0,0,0,0,0.0,50757.0,0.0,9.412081034722544,0.0,0,1,0.0,5.0,LOW,ALLOW,5.0,0.0
1,PAYMENT,25.12,0,0,0.0,0,0.0,0.0,0.0,0,0,0,0.0,61663.0,0.0,2454.737179136249,0.0,0,1,0.0,5.0,LOW,ALLOW,5.0,0.0
1,PAYMENT,17150.89,0,0,0.0,0,0.0,0.0,0.0,0,0,0,0.0,61637.87890625,0.0,3.593858782843821,0.0,0,1,0.0,5.0,LOW,ALLOW,5.0,0.0
1,TRANSFER,679502.25,0,0,0.0,0,0.0,0.0,0.0,0,0,0,0.0,290.0,171866.0,0.0004267829871056,0.2529292581444726,0,0,0.013167813026603607,17.79,LOW,ALLOW,17.0,1.32
1,TRANSFER,177652.9,0,0,0.0,0,0.0,0.0,0.0,0,0,0,0.0,23720.0,55.0,0.1335187839067507,0.0003095924584684,0,0,0.03804507740589392,19.28,LOW,ALLOW,17.0,3.8
1,PAYMENT,5443.26,0,0,0.0,0,0.0,0.0,0.0,0,0,0,0.0,236997.0,0.0,43.53953516910428,0.0,0,1,0.0,5.0,LOW,ALLOW,5.0,0.0
1,PAYMENT,244.87,0,0,0.0,0,0.0,0.0,0.0,0,0,0,0.0,257978.484375,0.0,1053.5324438240757,0.0,0,1,0.0,5.0,LOW,ALLOW,5.0,0.0
1,PAYMENT,8281.57,0,0,0.0,0,0.0,0.0,0.0,0,0,0,0.0,257733.625,0.0,31.121347193174604,0.0,0,1,0.0,5.0,LOW,ALLOW,5.0,0.0
1,PAYMENT,1175.59,0,0,0.0,0,0.0,0.0,0.0,0,0,0,0.0,20509.0,0.0,17.44570861974742,0.0,0,1,0.0,5.0,LOW,ALLOW,5.0,0.0
1,PAYMENT,1097.74,0,0,0.0,0,0.0,0.0,0.0,0,0,0,0.0,24866.0,0.0,22.651994298477675,0.0,0,1,0.0,5.0,LOW,ALLOW,5.0,0.0
1,TRANSFER,184986.8,0,0,0.0,0,0.0,0.0,0.0,0,0,0,0.0,39588.0,52340.0,0.2140044623117105,0.2829391117862719,0,0,0.013156269903944926,17.79,LOW,ALLOW,17.0,1.32
1,PAYMENT,1718.29,0,0,0.0,0,0.0,0.0,0.0,0,0,0,0.0,117811.0,0.0,68.56293019325058,0.0,0,1,0.0,5.0,LOW,ALLOW,5.0,0.0
1,PAYMENT,3671.32,0,0,0.0,0,0.0,0.0,0.0,0,0,0,0.0,100094.0,0.0,27.263762934384964,0.0,0,1,0.0,5.0,LOW,ALLOW,5.0,0.0
1,DEBIT,3580.26,0,0,0.0,0,0.0,0.0,0.0,0,0,0,0.0,2565.0,21185.0,0.716428413859225,5.917168010763229,0,0,0.01940519700018094,16.16,LOW,ALLOW,15.0,1.94
1,PAYMENT,8550.9,0,0,0.0,0,0.0,0.0,0.0,0,0,0,0.0,40060.0,0.0,4.684886756945597,0.0,0,1,0.0,5.0,LOW,ALLOW,5.0,0.0
1,PAYMENT,9753.55,0,0,0.0,0,0.0,0.0,0.0,0,0,0,0.0,60829.0,0.0,6.23660115733104,0.0,0,1,0.0,5.0,LOW,ALLOW,5.0,0.0
1,PAYMENT,3026.98,0,0,0.0,0,0.0,0.0,0.0,0,0,0,0.0,31139.0,0.0,10.287150956042298,0.0,0,1,0.0,5.0,LOW,ALLOW,5.0,0.0
1,CASH_OUT,467177.03,0,0,0.0,0,0.0,0.0,0.0,0,0,0,0.0,28112.01953125,975121.0,0.0601742330012077,2.0872622898238857,0,0,0.006830227888398714,18.41,LOW,ALLOW,18.0,0.68
1,DEBIT,3875.99,0,0,0.0,2,160062.91015625,0.0,0.0242154162163534,0,2,0,320125.8203125,259138.0,608925.8125,66.85724180219835,157.1020085279372,0,0,0.0,0.0,LOW,ALLOW,0.0,0.0
1,PAYMENT,2148.89,0,0,0.0,0,0.0,0.0,0.0,0,0,0,0.0,31213.0,0.0,14.52517418775342,0.0,0,1,0.0,5.0,LOW,ALLOW,5.0,0.0
1,PAYMENT,466.97,0,0,0.0,0,0.0,0.0,0.0,0,0,0,0.0,80030.0,0.0,171.38145874637368,0.0,0,1,0.0,5.0,LOW,ALLOW,5.0,0.0
1,CASH_OUT,154139.72,0,0,0.0,1,330757.03125,0.0,0.4660209887828348,0,1,0,330757.03125,79563.03125,410433.03125,0.5161747529787808,2.662733749473641,0,0,0.006615576020244821,18.4,LOW,ALLOW,18.0,0.66
1,CASH_OUT,82685.93,0,0,0.0,2,242352.21875,0.0,0.3411808239841006,0,2,0,484704.4375,0.0,833216.4375,0.0,10.076882979353632,1,0,9.906724811910417e-05,11.01,LOW,ALLOW,11.0,0.01
1,CASH_OUT,83857.23,0,0,0.0,1,5758.58984375,0.0,14.56211135674356,0,1,0,5758.58984375,0.0,215457.59375,0.0,2.5693384169987588,1,0,0.0,26.0,LOW,ALLOW,26.0,0.0
1,CASH_OUT,99109.77,0,0,0.0,2,44807.908203125,0.0,2.211881281942724,0,2,0,89615.81640625,0.0,299314.8125,0.0,3.020033263306288,1,0,0.0,11.0,LOW,ALLOW,11.0,0.0
1,CASH_OUT,187726.67,0,0,0.0,0,0.0,0.0,0.0,0,0,0,0.0,0.0,190573.0,0.0,1.0151620869670308,1,0,0.01887955146705673,12.13,LOW,ALLOW,11.0,1.89
1,CASH_OUT,281339.9,0,0,0.0,3,108000.6034342448,0.0,2.60498457697314,0,3,0,324001.8103027344,0.0,612801.8125,0.0,2.1781546054666747,1,0,9.906724811910417e-05,11.01,LOW,ALLOW,11.0,0.01
1,CASH_OUT,186447.52,0,0,0.0,6,827003.3294270834,0.0,0.2254495344706336,0,6,0,4962019.9765625,0.0,5862200.0,0.0,31.44155598077576,1,0,0.0,11.0,LOW,ALLOW,11.0,0.0
1,CASH_OUT,81029.86,0,0,0.0,0,0.0,0.0,0.0,0,0,0,0.0,0.0,105343.0,0.0,1.3000516206313606,1,0,0.0020474038428749453,11.12,LOW,ALLOW,11.0,0.2
1,CASH_OUT,139054.95,0,0,0.0,1,78766.03125,0.0,1.7654177939173494,0,1,0,78766.03125,0.0,182538.03125,0.0,1.3127042737263157,1,0,0.00034094794366995996,11.02,LOW,ALLOW,11.0,0.03
1,CASH_OUT,154716.2,0,0,0.0,0,0.0,0.0,0.0,0,0,0,0.0,0.0,187433.0,0.0,1.2114632870648143,1,0,0.0020474038428749453,11.12,LOW,ALLOW,11.0,0.2
1,CASH_OUT,53631.83,0,0,0.0,0,0.0,0.0,0.0,0,0,0,0.0,0.0,83244.0,0.0,1.55213802904467,1,0,0.008690256418873697,11.52,LOW,ALLOW,11.0,0.87
1,CASH_OUT,289645.53,0,0,0.0,0,0.0,0.0,0.0,0,0,0,0.0,0.0,871442.8125,0.0,3.0086527098801907,1,0,0.005761363538096384,11.35,LOW,ALLOW,11.0,0.58
1,CASH_OUT,267148.8,0,0,0.0,1,212228.34375,0.0,1.2587800845993269,0,1,0,212228.34375,0.0,641975.375,0.0,2.403062806053087,1,0,0.00044001519178906416,11.03,LOW,ALLOW,11.0,0.04
1,CASH_OUT,47913.58,0,0,0.0,0,0.0,0.0,0.0,0,0,0,0.0,0.0,51304.0,0.0,1.070761191455058,1,0,0.0020474038428749453,11.12,LOW,ALLOW,11.0,0.2
1,CASH_OUT,193605.38,0,0,0.0,1,4874.490234375,0.0,39.71807628922736,0,1,0,4874.490234375,0.0,249452.046875,0.0,1.2884562056967686,1,0,0.0,26.0,LOW,ALLOW,26.0,0.0
1,CASH_OUT,344464.4,0,0,0.0,3,305168.8541666667,0.0,1.128766587896523,0,3,0,915506.5625,0.0,1133312.5,0.0,3.290071425195328,1,0,9.906724811910417e-05,11.01,LOW,ALLOW,11.0,0.01
1,CASH_OUT,169409.88,0,0,0.0,2,239688.578125,0.0,0.7067916056961674,0,2,0,479377.15625,0.0,909124.1875,0.0,5.3664179109984,1,0,9.906724811910417e-05,11.01,LOW,ALLOW,11.0,0.01
1,CASH_OUT,25793.74,0,0,0.0,1,82940.3125,0.0,0.3109915969315283,0,1,0,82940.3125,0.0,215312.3125,0.0,8.347463785537235,1,0,0.00034094794366995996,11.02,LOW,ALLOW,11.0,0.03
1,CASH_OUT,114712.48,0,0,0.0,0,0.0,0.0,0.0,0,0,0,0.0,0.0,145400.0,0.0,1.2675168766039169,1,0,0.0020474038428749453,11.12,LOW,ALLOW,11.0,0.2
1,CASH_OUT,89038.75,0,0,0.0,0,0.0,0.0,0.0,0,0,0,0.0,0.0,189808.0,0.0,2.1317460094621725,1,0,0.0020474038428749453,11.12,LOW,ALLOW,11.0,0.2
1,CASH_OUT,1341.58,0,0,0.0,0,0.0,0.0,0.0,0,0,0,0.0,0.0,80341.0,0.0,59.88536101587748,1,0,0.008527888059813464,11.51,LOW,ALLOW,11.0,0.85
1,CASH_OUT,44443.08,0,0,0.0,7,735495.3560267857,0.0,0.0604260485954468,0,7,0,5148467.4921875,0.0,6048647.5,0.0,136.09875272337473,1,0,0.0,11.0,LOW,ALLOW,11.0,0.0
1,CASH_OUT,34729.64,0,0,0.0,0,0.0,0.0,0.0,0,0,0,0.0,0.0,44853.0,0.0,1.2914904730604306,1,0,0.0020474038428749453,11.12,LOW,ALLOW,11.0,0.2
1,CASH_OUT,105979.34,0,0,0.0,1,176149.90625,0.0,0.6016429188420304,0,1,0,176149.90625,0.0,435962.90625,0.0,4.113659236071652,1,0,0.00034094794366995996,11.02,LOW,ALLOW,11.0,0.03
1,CASH_OUT,57794.61,0,0,0.0,1,47913.578125,0.0,1.20622611870526,0,1,0,47913.578125,0.0,99217.578125,0.0,1.7167272034183552,1,0,0.004183102708256825,11.25,LOW,ALLOW,11.0,0.42
1,CASH_OUT,15918.79,0,0,0.0,0,0.0,0.0,0.0,0,0,0,0.0,0.0,24553.0,0.0,1.5423910950361397,1,0,0.008637593361735882,11.52,LOW,ALLOW,11.0,0.86
1,CASH_OUT,19162.08,0,0,0.0,0,0.0,0.0,0.0,0,0,0,0.0,0.0,60169.0,0.0,3.1400035776224304,1,0,0.0020474038428749453,11.12,LOW,ALLOW,11.0,0.2
1,CASH_OUT,220691.42,0,0,0.0,8,649113.8212890625,0.0,0.3399887887716413,0,8,0,5192910.5703125,0.0,6093090.5,0.0,27.609095307071502,1,0,0.0,16.0,LOW,ALLOW,16.0,0.0
1,CASH_OUT,9536.54,0,0,0.0,0,0.0,0.0,0.0,0,0,0,0.0,0.0,49161.0,0.0,5.155014271279967,1,0,0.0020474038428749453,11.12,LOW,ALLOW,11.0,0.2
1,CASH_OUT,29784.06,0,0,0.0,0,0.0,0.0,0.0,0,0,0,0.0,0.0,63553.0,0.0,2.133792331639216,1,0,0.0020474038428749453,11.12,LOW,ALLOW,11.0,0.2
1,CASH_OUT,190445.52,0,0,0.0,0,0.0,0.0,0.0,0,0,0,0.0,0.0,203679.0,0.0,1.0694869833588396,1,0,0.00566229628997728,11.34,LOW,ALLOW,11.0,0.57
1,CASH_OUT,57279.11,0,0,0.0,1,56953.8984375,0.0,1.0057100733474265,0,1,0,56953.8984375,0.0,127206.8984375,0.0,2.2208253554483623,1,0,0.00034094794366995996,11.02,LOW,ALLOW,11.0,0.03
1,CASH_OUT,112086.81,0,0,0.0,0,0.0,0.0,0.0,0,0,0,0.0,0.0,292728.0,0.0,2.6116185612825773,1,0,0.0020474038428749453,11.12,LOW,ALLOW,11.0,0.2
1,CASH_OUT,80311.89,0,0,0.0,0,0.0,0.0,0.0,0,0,0,0.0,0.0,87408.0,0.0,1.0883568960931804,1,0,0.015326062164246217,11.92,LOW,ALLOW,11.0,1.53
1,CASH_OUT,151829.9,0,0,0.0,1,289645.53125,0.0,0.524192124058534,0,1,0,289645.53125,0.0,1161088.25,0.0,7.64729610046769,1,0,0.00044001519178906416,11.03,LOW,ALLOW,11.0,0.04
1,CASH_OUT,26004.52,0,0,0.0,1,11996.580078125,0.0,2.167661063561572,0,1,0,11996.580078125,0.0,52251.578125,0.0,2.0093268042198797,1,0,0.004183102708256825,11.25,LOW,ALLOW,11.0,0.42
1,CASH_OUT,3146.16,0,0,0.0,0,0.0,0.0,0.0,0,0,0,0.0,0.0,9471.0,0.0,3.0103364941962125,1,0,0.03494503254927808,13.1,LOW,ALLOW,11.0,3.49
1,CASH_OUT,296752.75,0,0,0.0,1,112086.8125,0.0,2.647525996869614,0,1,0,112086.8125,0.0,404814.8125,0.0,1.364148478826228,1,0,0.00034094794366995996,11.02,LOW,ALLOW,11.0,0.03
1,CASH_OUT,191702.06,0,0,0.0,1,11648.5,0.0,16.45723161780487,0,1,0,11648.5,0.0,272624.5,0.0,1.4221260660667123,1,0,0.0,26.0,LOW,ALLOW,26.0,0.0
1,CASH_OUT,365510.06,0,0,0.0,2,242448.375,0.0,1.5075789330409,0,2,0,484896.75,0.0,564572.75,0.0,1.5446161622431394,1,0,0.0008552434780419153,11.05,LOW,ALLOW,11.0,0.09
1,CASH_OUT,202332.08,0,0,0.0,1,154716.203125,0.0,1.3077626909027082,0,1,0,154716.203125,0.0,342149.1875,0.0,1.6910278917247197,1,0,0.00034094794366995996,11.02,LOW,ALLOW,11.0,0.03
1,CASH_OUT,55105.9,0,0,0.0,1,311685.875,0.0,0.1767994729870258,0,1,0,311685.875,0.0,317952.875,0.0,5.769851939908316,1,0,0.007993712314877418,11.48,LOW,ALLOW,11.0,0.8
1,CASH_OUT,171508.6,0,0,0.0,2,99239.9326171875,0.0,1.7282215860785075,0,2,0,198479.865234375,0.0,443057.4375,0.0,2.5832958443226697,1,0,0.0,11.0,LOW,ALLOW,11.0,0.0
1,CASH_OUT,178439.27,0,0,0.0,1,89038.75,0.0,2.004063013294773,0,1,0,89038.75,0.0,278846.75,0.0,1.5626983725992905,1,0,0.00034094794366995996,11.02,LOW,ALLOW,11.0,0.03
1,CASH_OUT,88834.86,0,0,0.0,2,101675.28125,0.0,0.8737114693252939,0,2,0,203350.5625,0.0,464326.5625,0.0,5.226850875509702,1,0,0.0,11.0,LOW,ALLOW,11.0,0.0
1,CASH_OUT,210370.1,0,0,0.0,1,467177.03125,0.0,0.450300592019955,0,1,0,467177.03125,0.0,1442298.0,0.0,6.856003029185321,1,0,0.00044001519178906416,11.03,LOW,ALLOW,11.0,0.04
1,CASH_OUT,36437.06,0,0,0.0,0,0.0,0.0,0.0,0,0,0,0.0,0.0,154606.0,0.0,4.243097713340653,1,0,0.0020474038428749453,11.12,LOW,ALLOW,11.0,0.2
1,CASH_OUT,82691.56,0,0,0.0,1,5346.89013671875,0.0,15.465356569070204,0,1,0,5346.89013671875,0.0,657983.875,0.0,7.957086008623915,1,0,9.906724811910417e-05,26.01,LOW,ALLOW,26.0,0.01
1,CASH_OUT,338767.1,0,0,0.0,2,178524.140625,0.0,1.8975982327320051,0,2,0,357048.28125,0.0,544481.25,0.0,1.6072436197177136,1,0,0.0008552434780419153,11.05,LOW,ALLOW,11.0,0.09
1,CASH_OUT,187728.6,0,0,0.0,1,190445.515625,0.0,0.9857338626951458,0,1,0,190445.515625,0.0,394124.5,0.0,2.0994377687868875,1,0,0.00034094794366995996,11.02,LOW,ALLOW,11.0,0.03
1,CASH_OUT,271002.7,0,0,0.0,1,679502.25,0.0,0.3988252982238101,0,1,0,679502.25,0.0,851368.25,0.0,3.1415491036412693,1,0,0.00044001519178906416,11.03,LOW,ALLOW,11.0,0.04
1,CASH_OUT,323105.1,0,0,0.0,1,187726.671875,0.0,1.721146444044687,0,1,0,187726.671875,0.0,378299.65625,0.0,1.1708254173878991,1,0,0.00034094794366995996,11.02,LOW,ALLOW,11.0,0.03
1,CASH_OUT,10782.94,0,0,0.0,0,0.0,0.0,0.0,0,0,0,0.0,0.0,100585.0,0.0,9.328160593660542,1,0,0.0020474038428749453,11.12,LOW,ALLOW,11.0,0.2
1,CASH_OUT,89962.11,0,0,0.0,2,52854.09375,0.0,1.7020840391384064,0,2,0,105708.1875,0.0,157012.1875,0.0,1.7453146506992965,1,0,0.0,11.0,LOW,ALLOW,11.0,0.0
1,CASH_OUT,101940.14,0,0,0.0,0,0.0,0.0,0.0,0,0,0,0.0,0.0,105362.0,0.0,1.0335673401470746,1,0,0.008622598176389053,11.52,LOW,ALLOW,11.0,0.86
1,CASH_OUT,163100.34,0,0,0.0,3,216262.34375,0.0,0.7541781935857708,0,3,0,648787.03125,0.0,1078534.0,0.0,6.6127021881276695,1,0,9.906724811910417e-05,11.01,LOW,ALLOW,11.0,0.01
1,CASH_OUT,136030.66,0,0,0.0,1,53631.828125,0.0,2.536379254739417,0,1,0,53631.828125,0.0,136875.828125,0.0,1.0062130985639497,1,0,0.013603464361063147,11.82,LOW,ALLOW,11.0,1.36
1,CASH_OUT,68912.23,0,0,0.0,1,184986.796875,0.0,0.3725251084220115,0,1,0,184986.796875,0.0,237326.796875,0.0,3.443899707111572,1,0,0.00034094794366995996,11.02,LOW,ALLOW,11.0,0.03
1,CASH_OUT,73464.06,0,0,0.0,0,0.0,0.0,0.0,0,0,0,0.0,0.0,444779.0,0.0,6.054375225982092,1,0,0.0020474038428749453,11.12,LOW,ALLOW,11.0,0.2
1,CASH_OUT,106117.28,0,0,0.0,1,229133.9375,0.0,0.4631233697103468,0,1,0,229133.9375,0.0,234216.9375,0.0,2.207151698018083,1,0,0.00034094794366995996,11.02,LOW,ALLOW,11.0,0.03
1,CASH_OUT,503333.78,0,0,0.0,3,97395.140625,0.0,5.167955793482381,0,3,0,292185.421875,0.0,553161.4375,0.0,1.098995255447103,1,0,0.0013807786317142242,21.08,LOW,ALLOW,21.0,0.14
1,CASH_OUT,71991.42,0,0,0.0,1,1341.5799560546875,0.0,53.66167074134892,0,1,0,1341.5799560546875,0.0,81682.578125,0.0,1.1346154305276388,1,0,0.010485007340585616,26.63,LOW,ALLOW,26.0,1.05
1,CASH_OUT,91379.93,0,0,0.0,4,202971.84375,0.0,0.450209881327444,0,4,0,811887.375,0.0,1241634.375,0.0,13.587604841086293,1,0,9.906724811910417e-05,11.01,LOW,ALLOW,11.0,0.01
1,CASH_OUT,26759.05,0,0,0.0,2,189087.0546875,0.0,0.1415170955276345,0,2,0,378174.109375,0.0,581853.125,0.0,21.74416162054982,1,0,0.0,11.0,LOW,ALLOW,11.0,0.0
1,CASH_OUT,128487.35,0,0,0.0,2,255415.8828125,0.0,0.5030515336308281,0,2,0,510831.765625,0.0,701404.75,0.0,5.458940054957988,1,0,9.906724811910417e-05,11.01,LOW,ALLOW,11.0,0.01
1,CASH_OUT,252908.88,0,0,0.0,1,419801.40625,0.0,0.6024488513728031,0,1,0,419801.40625,0.0,919763.375,0.0,3.636738232298096,1,0,0.00044001519178906416,11.03,LOW,ALLOW,11.0,0.04
1,CASH_OUT,64489.64,0,0,0.0,3,62908.52994791666,0.0,1.0251334863235937,0,3,0,188725.58984375,0.0,398424.59375,0.0,6.178117754862275,1,0,0.0,11.0,LOW,ALLOW,11.0,0.0
1,CASH_OUT,171369.73,0,0,0.0,2,475252.46875,0.0,0.3605867315655054,0,2,0,950504.9375,0.0,1122371.0,0.0,6.549412030621291,1,0,9.906724811910417e-05,11.01,LOW,ALLOW,11.0,0.01
1,PAYMENT,4493.29,0,0,0.0,0,0.0,0.0,0.0,0,0,0,0.0,8258.0,0.0,1.8378515360034464,0.0,0,1,0.0,5.0,LOW,ALLOW,5.0,0.0
1,PAYMENT,12121.5,0,0,0.0,0,0.0,0.0,0.0,0,0,0,0.0,97058.0,0.0,8.007094831497753,0.0,0,1,0.0,5.0,LOW,ALLOW,5.0,0.0
1,PAYMENT,2278.19,0,0,0.0,0,0.0,0.0,0.0,0,0,0,0.0,290.0,0.0,0.1272940393288686,0.0,0,1,0.00547727971650937,20.33,LOW,ALLOW,20.0,0.55
1,PAYMENT,7707.44,0,0,0.0,0,0.0,0.0,0.0,0,0,0,0.0,99827.0,0.0,12.952030863543284,0.0,0,1,0.0,5.0,LOW,ALLOW,5.0,0.0
1,PAYMENT,4013.02,0,0,0.0,0,0.0,0.0,0.0,0,0,0,0.0,92119.5625,0.0,22.955171429909846,0.0,0,1,0.0,5.0,LOW,ALLOW,5.0,0.0
1,PAYMENT,5775.15,0,0,0.0,0,0.0,0.0,0.0,0,0,0,0.0,132329.0,0.0,22.913517785278,0.0,0,1,0.0,5.0,LOW,ALLOW,5.0,0.0
1,PAYMENT,4843.93,0,0,0.0,0,0.0,0.0,0.0,0,0,0,0.0,51718.0,0.0,10.676867362494278,0.0,0,1,0.0,5.0,LOW,ALLOW,5.0,0.0
1,PAYMENT,2397.82,0,0,0.0,0,0.0,0.0,0.0,0,0,0,0.0,20421.0,0.0,8.516485565145995,0.0,0,1,0.0,5.0,LOW,ALLOW,5.0,0.0
1,PAYMENT,4391.44,0,0,0.0,0,0.0,0.0,0.0,0,0,0,0.0,228.0,0.0,0.0519191889316807,0.0,0,1,0.00618350222389134,20.37,LOW,ALLOW,20.0,0.62
1,DEBIT,4497.87,0,0,0.0,0,0.0,0.0,0.0,0,0,0,0.0,107388.0,19053.0,23.875300353748163,4.236004932021862,0,0,0.00021100332771807755,0.01,LOW,ALLOW,0.0,0.02
1,PAYMENT,7452.89,0,0,0.0,0,0.0,0.0,0.0,0,0,0,0.0,102397.0,0.0,13.739233790058504,0.0,0,1,0.0,5.0,LOW,ALLOW,5.0,0.0
1,PAYMENT,3930.81,0,0,0.0,0,0.0,0.0,0.0,0,0,0,0.0,6032.0,0.0,1.5345437480024031,0.0,0,1,0.0,5.0,LOW,ALLOW,5.0,0.0
1,CASH_OUT,71532.24,0,0,0.0,0,0.0,0.0,0.0,0,0,0,0.0,2101.18994140625,74956.0,0.0293740259937416,1.0478631412604915,0,0,0.00032724905379444383,18.02,LOW,ALLOW,18.0,0.03
1,CASH_OUT,61159.51,0,0,0.0,2,167625.609375,0.0,0.3648578039285651,0,2,0,335251.21875,0.0,340334.21875,0.0,5.564698101500079,1,0,0.0,11.0,LOW,ALLOW,11.0,0.0
1,CASH_OUT,12401.9,0,0,0.0,0,0.0,0.0,0.0,0,0,0,0.0,0.0,349763.0,0.0,28.202371328864828,1,0,0.0020474038428749453,11.12,LOW,ALLOW,11.0,0.2
1,CASH_OUT,32702.61,0,0,0.0,0,0.0,0.0,0.0,0,0,0,0.0,0.0,253053.0,0.0,7.738006380415936,1,0,0.0020474038428749453,11.12,LOW,ALLOW,11.0,0.2
1,PAYMENT,6926.67,0,0,0.0,0,0.0,0.0,0.0,0,0,0,0.0,152927.0,0.0,22.07799732408842,0.0,0,1,0.0,5.0,LOW,ALLOW,5.0,0.0
1,PAYMENT,893.57,0,0,0.0,0,0.0,0.0,0.0,0,0,0,0.0,10676.0,0.0,11.947580953359338,0.0,0,1,0.0,5.0,LOW,ALLOW,5.0,0.0
1,TRANSFER,480222.5,0,0,0.0,3,373958.2239583333,0.0,1.2841608212726636,0,3,0,1121874.671875,11110.0,1293740.625,0.0231351092462348,2.694044167026743,0,0,0.0,17.0,LOW,ALLOW,17.0,0.0
1,PAYMENT,3608.41,0,0,0.0,0,0.0,0.0,0.0,0,0,0,0.0,11150.0,0.0,3.090003705671572,0.0,0,1,0.0,5.0,LOW,ALLOW,5.0,0.0
1,PAYMENT,5946.79,0,0,0.0,0,0.0,0.0,0.0,0,0,0,0.0,7541.58984375,0.0,1.2681782599035425,0.0,0,1,0.0,5.0,LOW,ALLOW,5.0,0.0
1,PAYMENT,6099.96,0,0,0.0,0,0.0,0.0,0.0,0,0,0,0.0,42133.0,0.0,6.907094516981813,0.0,0,1,0.0,5.0,LOW,ALLOW,5.0,0.0
1,PAYMENT,372.34,0,0,0.0,0,0.0,0.0,0.0,0,0,0,0.0,65254.0,0.0,175.25380201374708,0.0,0,1,0.0,5.0,LOW,ALLOW,5.0,0.0
1,PAYMENT,4635.18,0,0,0.0,0,0.0,0.0,0.0,0,0,0,0.0,6313782.0,0.0,1362.1438133062056,0.0,0,1,0.0,5.0,LOW,ALLOW,5.0,0.0
1,PAYMENT,1267.97,0,0,0.0,0,0.0,0.0,0.0,0,0,0,0.0,6309147.0,0.0,4975.785819676314,0.0,0,1,0.0,5.0,LOW,ALLOW,5.0,0.0
1,PAYMENT,6911.99,0,0,0.0,0,0.0,0.0,0.0,0,0,0,0.0,6307879.0,0.0,912.5995243207076,0.0,0,1,0.0,5.0,LOW,ALLOW,5.0,0.0
1,PAYMENT,1795.67,0,0,0.0,0,0.0,0.0,0.0,0,0,0,0.0,6300967.0,0.0,3508.9781785054365,0.0,0,1,0.0,5.0,LOW,ALLOW,5.0,0.0
1,PAYMENT,3199.06,0,0,0.0,0,0.0,0.0,0.0,0,0,0,0.0,6299171.0,0.0,1969.0693155567087,0.0,0,1,0.0,5.0,LOW,ALLOW,5.0,0.0
1,PAYMENT,10265.17,0,0,0.0,0,0.0,0.0,0.0,0,0,0,0.0,6295972.0,0.0,613.3334419124744,0.0,0,1,0.0,5.0,LOW,ALLOW,5.0,0.0
1,PAYMENT,9029.12,0,0,0.0,0,0.0,0.0,0.0,0,0,0,0.0,25480.0,0.0,2.821980400005668,0.0,0,1,0.0,5.0,LOW,ALLOW,5.0,0.0
1,PAYMENT,7600.57,0,0,0.0,0,0.0,0.0,0.0,0,0,0,0.0,50747.0,0.0,6.676736241314144,0.0,0,1,0.0,5.0,LOW,ALLOW,5.0,0.0
1,PAYMENT,2057.71,0,0,0.0,0,0.0,0.0,0.0,0,0,0,0.0,25132.0,0.0,12.213577460911823,0.0,0,1,0.0,5.0,LOW,ALLOW,5.0,0.0
1,PAYMENT,3823.08,0,0,0.0,0,0.0,0.0,0.0,0,0,0,0.0,10382.0,0.0,2.715611440995965,0.0,0,1,0.0,5.0,LOW,ALLOW,5.0,0.0
1,TRANSFER,2806.0,1,0,0.0,0,0.0,0.0,0.0,0,0,0,0.0,2806.0,0.0,1.0,0.0,0,1,0.9883475901078714,66.3,HIGH,STEP-UP AUTHENTICATION / REVIEW,7.0,98.83
1,CASH_OUT,2806.0,1,0,0.0,0,0.0,0.0,0.0,0,0,0,0.0,2806.0,26202.0,1.0,9.33784746970777,0,0,0.8341101120546756,53.05,MEDIUM,ADDITIONAL VERIFICATION,3.0,83.41
1,PAYMENT,6737.2,0,0,0.0,0,0.0,0.0,0.0,0,0,0,0.0,624.0,0.0,0.0926200768732027,0.0,0,1,0.00618350222389134,20.37,LOW,ALLOW,20.0,0.62
1,PAYMENT,9161.98,0,0,0.0,0,0.0,0.0,0.0,0,0,0,0.0,11128.0,0.0,1.21458455821378,0.0,0,1,0.0,5.0,LOW,ALLOW,5.0,0.0
1,PAYMENT,1239.06,0,0,0.0,0,0.0,0.0,0.0,0,0,0,0.0,396386.0,0.0,319.9086252928462,0.0,0,1,0.0,5.0,LOW,ALLOW,5.0,0.0
1,PAYMENT,365.0,0,0,0.0,0,0.0,0.0,0.0,0,0,0,0.0,319.0,0.0,0.873972602739726,0.0,0,1,0.00547727971650937,20.33,LOW,ALLOW,20.0,0.55
1,PAYMENT,5237.54,0,0,0.0,0,0.0,0.0,0.0,0,0,0,0.0,27105.0,0.0,5.175139435278035,0.0,0,1,0.0,5.0,LOW,ALLOW,5.0,0.0
1,PAYMENT,2618.76,0,0,0.0,0,0.0,0.0,0.0,0,0,0,0.0,21867.4609375,0.0,8.350311160989932,0.0,0,1,0.0,5.0,LOW,ALLOW,5.0,0.0
1,PAYMENT,339.82,0,0,0.0,0,0.0,0.0,0.0,0,0,0,0.0,12076.0,0.0,35.53645971315166,0.0,0,1,0.0,5.0,LOW,ALLOW,5.0,0.0
1,DEBIT,1393.46,0,0,0.0,0,0.0,0.0,0.0,0,0,0,0.0,100068.0,26446.0,71.81261234996352,18.97865797464859,0,0,0.00021100332771807755,0.01,LOW,ALLOW,0.0,0.02
1,PAYMENT,2731.37,0,0,0.0,0,0.0,0.0,0.0,0,0,0,0.0,17540.0,0.0,6.421685545150868,0.0,0,1,0.0,5.0,LOW,ALLOW,5.0,0.0
1,PAYMENT,8364.73,0,0,0.0,0,0.0,0.0,0.0,0,0,0,0.0,81.0,0.0,0.0096835158410196,0.0,0,1,0.00618350222389134,20.37,LOW,ALLOW,20.0,0.62
1,PAYMENT,6598.71,0,0,0.0,0,0.0,0.0,0.0,0,0,0,0.0,16392.0,0.0,2.4841219112578083,0.0,0,1,0.0,5.0,LOW,ALLOW,5.0,0.0
1,PAYMENT,4304.58,0,0,0.0,0,0.0,0.0,0.0,0,0,0,0.0,10708.0,0.0,2.487582947850332,0.0,0,1,0.0,5.0,LOW,ALLOW,5.0,0.0
1,PAYMENT,2867.14,0,0,0.0,0,0.0,0.0,0.0,0,0,0,0.0,943.0,0.0,0.3288991940857328,0.0,0,1,0.00547727971650937,20.33,LOW,ALLOW,20.0,0.55
1,PAYMENT,2946.38,0,0,0.0,0,0.0,0.0,0.0,0,0,0,0.0,0.0,0.0,0.0,0.0,1,1,8.645922160006689e-05,13.01,LOW,ALLOW,13.0,0.01
1,PAYMENT,507.12,0,0,0.0,0,0.0,0.0,0.0,0,0,0,0.0,87005.0,0.0,171.56688917362547,0.0,0,1,0.0,5.0,LOW,ALLOW,5.0,0.0
1,PAYMENT,3020.86,0,0,0.0,0,0.0,0.0,0.0,0,0,0,0.0,50361.0,0.0,16.671079827983206,0.0,0,1,0.0,5.0,LOW,ALLOW,5.0,0.0
1,PAYMENT,8948.03,0,0,0.0,0,0.0,0.0,0.0,0,0,0,0.0,11137.0,0.0,1.2446314618604413,0.0,0,1,0.0,5.0,LOW,ALLOW,5.0,0.0
1,CASH_OUT,280877.9,0,0,0.0,4,63303.8076171875,0.0,4.436982810710731,0,4,0,253215.23046875,2188.969970703125,462914.21875,0.007793314895885,1.6480976554203433,0,0,0.0,18.0,LOW,ALLOW,18.0,0.0
1,PAYMENT,1084.9,0,0,0.0,0,0.0,0.0,0.0,0,0,0,0.0,13727.0,0.0,12.652778773245709,0.0,0,1,0.0,5.0,LOW,ALLOW,5.0,0.0
1,PAYMENT,9456.69,0,0,0.0,0,0.0,0.0,0.0,0,0,0,0.0,12642.099609375,0.0,1.3368418585097708,0.0,0,1,0.0,5.0,LOW,ALLOW,5.0,0.0
1,PAYMENT,5812.36,0,0,0.0,0,0.0,0.0,0.0,0,0,0,0.0,3185.409912109375,0.0,0.5480407247721782,0.0,0,1,0.00618350222389134,20.37,LOW,ALLOW,20.0,0.62
1,TRANSFER,157883.06,0,0,0.0,0,0.0,0.0,0.0,0,0,0,0.0,46547.0,72793.0,0.2948194648808513,0.4610564226925862,0,0,0.013156269903944926,17.79,LOW,ALLOW,17.0,1.32
1,PAYMENT,2734.77,0,0,0.0,0,0.0,0.0,0.0,0,0,0,0.0,4511.0,0.0,1.649498849184109,0.0,0,1,0.0,5.0,LOW,ALLOW,5.0,0.0
1,CASH_OUT,102153.86,0,0,0.0,1,157883.0625,0.0,0.6470222819183027,0,1,0,157883.0625,1776.22998046875,230676.0625,0.0173877912331077,2.2581238135428987,0,0,0.006525517258255943,18.39,LOW,ALLOW,18.0,0.65
1,PAYMENT,584.52,0,0,0.0,0,0.0,0.0,0.0,0,0,0,0.0,15479.0,0.0,26.48155663241993,0.0,0,1,0.0,5.0,LOW,ALLOW,5.0,0.0
1,PAYMENT,6113.14,0,0,0.0,0,0.0,0.0,0.0,0,0,0,0.0,15629.0,0.0,2.556623870950376,0.0,0,1,0.0,5.0,LOW,ALLOW,5.0,0.0
1,CASH_OUT,369989.2,0,0,0.0,1,73464.0625,0.0,5.036328987387541,0,1,0,73464.0625,9515.8603515625,518243.0625,0.0257192930849161,1.40069785823133,0,0,0.0,28.0,LOW,ALLOW,28.0,0.0
1,CASH_OUT,215338.28,0,0,0.0,1,32702.609375,0.0,6.584743094372725,0,1,0,32702.609375,0.0,285755.625,0.0,1.3270080142798577,1,0,0.00034094794366995996,21.02,LOW,ALLOW,21.0,0.03
1,CASH_OUT,65521.42,0,0,0.0,1,29784.060546875,0.0,2.199882107138498,0,1,0,29784.060546875,0.0,93337.0625,0.0,1.4245274267409205,1,0,0.004183102708256825,11.25,LOW,ALLOW,11.0,0.42
1,CASH_OUT,116977.58,0,0,0.0,1,36437.05859375,0.0,3.2104012409241234,0,1,0,36437.05859375,0.0,191043.0625,0.0,1.633159666682918,1,0,0.0029617436122517295,11.18,LOW,ALLOW,11.0,0.3
1,CASH_OUT,262392.38,0,0,0.0,2,133739.0078125,0.0,1.9619733934909251,0,2,0,267478.015625,0.0,457286.0,0.0,1.7427564349002138,1,0,0.0,11.0,LOW,ALLOW,11.0,0.0
1,CASH_OUT,51121.05,0,0,0.0,2,76707.318359375,0.0,0.6664429401865812,0,2,0,153414.63671875,0.0,308020.625,0.0,6.025318734507991,1,0,0.0,11.0,LOW,ALLOW,11.0,0.0
1,CASH_OUT,202624.6,0,0,0.0,4,198879.80078125,0.0,1.0188294283986583,0,4,0,795519.203125,0.0,1056495.25,0.0,5.214052403251271,1,0,9.906724811910417e-05,11.01,LOW,ALLOW,11.0,0.01
1,CASH_OUT,118235.16,0,0,0.0,2,130018.4609375,0.0,0.9093720645319416,0,2,0,260036.921875,0.0,332829.9375,0.0,2.814982853291573,1,0,0.0,11.0,LOW,ALLOW,11.0,0.0
1,CASH_OUT,118056.71,0,0,0.0,2,94831.2421875,0.0,1.244913682603447,0,2,0,189662.484375,0.0,272906.5,0.0,2.3116559646022874,1,0,0.0,11.0,LOW,ALLOW,11.0,0.0
1,CASH_OUT,498960.9,0,0,0.0,3,134977.72005208334,0.0,3.696616790218918,0,3,0,404933.16015625,0.0,608612.125,0.0,1.2197591381940056,1,0,0.0013807786317142242,11.08,LOW,ALLOW,11.0,0.14
1,CASH_OUT,691738.4,0,0,0.0,9,601511.3324652778,0.0,1.150000569673275,0,9,0,5413601.9921875,0.0,6285707.0,0.0,9.086827082565716,1,0,0.007144478404341868,16.43,LOW,ALLOW,16.0,0.71
1,CASH_OUT,58820.08,0,0,0.0,4,225973.5166015625,0.0,0.2602963347634751,0,4,0,903894.06640625,0.0,1107573.0,0.0,18.82984578235801,1,0,9.906724811910417e-05,11.01,LOW,ALLOW,11.0,0.01
1,PAYMENT,4419.04,0,0,0.0,0,0.0,0.0,0.0,0,0,0,0.0,52951.0,0.0,11.98246667419505,0.0,0,1,0.0,5.0,LOW,ALLOW,5.0,0.0
1,PAYMENT,4270.02,0,0,0.0,0,0.0,0.0,0.0,0,0,0,0.0,9516.0,0.0,2.2285609801531185,0.0,0,1,0.0,5.0,LOW,ALLOW,5.0,0.0
1,PAYMENT,3007.83,0,0,0.0,0,0.0,0.0,0.0,0,0,0,0.0,49905.0,0.0,16.591695243339487,0.0,0,1,0.0,5.0,LOW,ALLOW,5.0,0.0
1,PAYMENT,1824.59,0,0,0.0,0,0.0,0.0,0.0,0,0,0,0.0,25138.0,0.0,13.77734201705876,0.0,0,1,0.0,5.0,LOW,ALLOW,5.0,0.0
1,PAYMENT,993.46,0,0,0.0,0,0.0,0.0,0.0,0,0,0,0.0,19448.0,0.0,19.576026785036834,0.0,0,1,0.0,5.0,LOW,ALLOW,5.0,0.0
1,CASH_OUT,302693.12,0,0,0.0,2,126949.51171875,0.0,2.384358324044608,0,2,0,253899.0234375,18454.5390625,306239.03125,0.0609678170341662,1.0117145252307926,0,0,0.0,18.0,LOW,ALLOW,18.0,0.0
1,PAYMENT,1445.06,0,0,0.0,0,0.0,0.0,0.0,0,0,0,0.0,10892.0,0.0,7.537402985589037,0.0,0,1,0.0,5.0,LOW,ALLOW,5.0,0.0
1,PAYMENT,4059.25,0,0,0.0,0,0.0,0.0,0.0,0,0,0,0.0,4186.0,0.0,1.0312249799839872,0.0,0,1,0.0,5.0,LOW,ALLOW,5.0,0.0
1,PAYMENT,3417.18,0,0,0.0,0,0.0,0.0,0.0,0,0,0,0.0,126.75,0.0,0.0370919888725748,0.0,0,1,0.00547727971650937,20.33,LOW,ALLOW,20.0,0.55
1,DEBIT,3428.95,0,0,0.0,1,1505626.0,0.0,0.0022774247729329,0,1,0,1505626.0,147798.0,1534657.0,43.10299132522733,447.5588800809172,0,0,0.0,0.0,LOW,ALLOW,0.0,0.0
1,PAYMENT,5580.98,0,0,0.0,0,0.0,0.0,0.0,0,0,0,0.0,7781.0,0.0,1.3941995898982724,0.0,0,1,0.0,5.0,LOW,ALLOW,5.0,0.0
1,DEBIT,3455.85,0,0,0.0,5,180653.4609375,0.0,0.0191297198499388,0,5,0,903267.3046875,3509.0,1333014.25,1.0153796897555818,385.7268725006468,0,0,0.0,0.0,LOW,ALLOW,0.0,0.0
1,PAYMENT,7265.63,0,0,0.0,0,0.0,0.0,0.0,0,0,0,0.0,14508.0,0.0,1.996798658065418,0.0,0,1,0.0,5.0,LOW,ALLOW,5.0,0.0
1,PAYMENT,3852.64,0,0,0.0,0,0.0,0.0,0.0,0,0,0,0.0,1449076.25,0.0,376.1255373987994,0.0,0,1,0.0,5.0,LOW,ALLOW,5.0,0.0
1,PAYMENT,7870.29,0,0,0.0,0,0.0,0.0,0.0,0,0,0,0.0,1445223.625,0.0,183.6302878073034,0.0,0,1,0.0,5.0,LOW,ALLOW,5.0,0.0
1,DEBIT,12872.92,0,0,0.0,0,0.0,0.0,0.0,0,0,0,0.0,11197.0,51885.0,0.8698104290210721,4.030554086787383,0,0,0.012789224959105928,15.77,LOW,ALLOW,15.0,1.28
1,PAYMENT,6675.34,0,0,0.0,0,0.0,0.0,0.0,0,0,0,0.0,10107.0,0.0,1.514080217123777,0.0,0,1,0.0,5.0,LOW,ALLOW,5.0,0.0
1,CASH_OUT,410201.88,0,0,0.0,0,0.0,0.0,0.0,0,0,0,0.0,21448.0,61613.0,0.052286450421515,0.1502016537588961,0,0,0.014504005860699729,18.87,LOW,ALLOW,18.0,1.45
1,PAYMENT,13310.78,0,0,0.0,0,0.0,0.0,0.0,0,0,0,0.0,0.0,0.0,0.0,0.0,1,1,8.645922160006689e-05,13.01,LOW,ALLOW,13.0,0.01
1,PAYMENT,664.35,0,0,0.0,0,0.0,0.0,0.0,0,0,0,0.0,102983.0,0.0,155.01317646496784,0.0,0,1,0.0,5.0,LOW,ALLOW,5.0,0.0
1,PAYMENT,2130.3,0,0,0.0,0,0.0,0.0,0.0,0,0,0,0.0,10958.0,0.0,5.143876331424758,0.0,0,1,0.0,5.0,LOW,ALLOW,5.0,0.0
1,PAYMENT,7771.4,0,0,0.0,0,0.0,0.0,0.0,0,0,0,0.0,8827.7001953125,0.0,1.135921494999914,0.0,0,1,0.0,5.0,LOW,ALLOW,5.0,0.0
1,PAYMENT,36349.35,0,0,0.0,0,0.0,0.0,0.0,0,0,0,0.0,1056.300048828125,0.0,0.0290596669107534,0.0,0,1,0.00618350222389134,20.37,LOW,ALLOW,20.0,0.62
1,PAYMENT,749.34,0,0,0.0,0,0.0,0.0,0.0,0,0,0,0.0,0.0,0.0,0.0,0.0,1,1,8.645922160006689e-05,13.01,LOW,ALLOW,13.0,0.01
1,PAYMENT,2340.34,0,0,0.0,0,0.0,0.0,0.0,0,0,0,0.0,0.0,0.0,0.0,0.0,1,1,8.645922160006689e-05,13.01,LOW,ALLOW,13.0,0.01
1,PAYMENT,9686.85,0,0,0.0,0,0.0,0.0,0.0,0,0,0,0.0,0.0,0.0,0.0,0.0,1,1,8.645922160006689e-05,13.01,LOW,ALLOW,13.0,0.01
1,PAYMENT,15785.85,0,0,0.0,0,0.0,0.0,0.0,0,0,0,0.0,0.0,0.0,0.0,0.0,1,1,8.645922160006689e-05,13.01,LOW,ALLOW,13.0,0.01
1,PAYMENT,9006.78,0,0,0.0,0,0.0,0.0,0.0,0,0,0,0.0,0.0,0.0,0.0,0.0,1,1,8.645922160006689e-05,13.01,LOW,ALLOW,13.0,0.01
1,PAYMENT,9014.95,0,0,0.0,0,0.0,0.0,0.0,0,0,0,0.0,0.0,0.0,0.0,0.0,1,1,8.645922160006689e-05,13.01,LOW,ALLOW,13.0,0.01
1,PAYMENT,14420.66,0,0,0.0,0,0.0,0.0,0.0,0,0,0,0.0,0.0,0.0,0.0,0.0,1,1,8.645922160006689e-05,13.01,LOW,ALLOW,13.0,0.01
1,PAYMENT,4802.31,0,0,0.0,0,0.0,0.0,0.0,0,0,0,0.0,0.0,0.0,0.0,0.0,1,1,8.645922160006689e-05,13.01,LOW,ALLOW,13.0,0.01
1,PAYMENT,28527.44,0,0,0.0,0,0.0,0.0,0.0,0,0,0,0.0,0.0,0.0,0.0,0.0,1,1,8.645922160006689e-05,13.01,LOW,ALLOW,13.0,0.01
1,PAYMENT,4182.93,0,0,0.0,0,0.0,0.0,0.0,0,0,0,0.0,0.0,0.0,0.0,0.0,1,1,8.645922160006689e-05,13.01,LOW,ALLOW,13.0,0.01
1,PAYMENT,4088.21,0,0,0.0,0,0.0,0.0,0.0,0,0,0,0.0,0.0,0.0,0.0,0.0,1,1,8.645922160006689e-05,13.01,LOW,ALLOW,13.0,0.01
1,PAYMENT,8491.9,0,0,0.0,0,0.0,0.0,0.0,0,0,0,0.0,0.0,0.0,0.0,0.0,1,1,8.645922160006689e-05,13.01,LOW,ALLOW,13.0,0.01
1,DEBIT,6666.78,0,0,0.0,0,0.0,0.0,0.0,0,0,0,0.0,11876.0,24777.0,1.7813697741212644,3.7164869394916273,0,0,0.006146214059103231,0.37,LOW,ALLOW,0.0,0.61
1,PAYMENT,6536.86,0,0,0.0,0,0.0,0.0,0.0,0,0,0,0.0,17319.0,0.0,2.6494372469699137,0.0,0,1,0.0,5.0,LOW,ALLOW,5.0,0.0
1,CASH_OUT,40684.97,0,0,0.0,0,0.0,0.0,0.0,0,0,0,0.0,10782.1396484375,49530.0,0.2650153110523773,1.217402925988483,0,0,0.006947863616882763,18.42,LOW,ALLOW,18.0,0.69
1,PAYMENT,1553.21,0,0,0.0,0,0.0,0.0,0.0,0,0,0,0.0,31516.0,0.0,20.290881975143463,0.0,0,1,0.0,5.0,LOW,ALLOW,5.0,0.0
1,DEBIT,7344.92,0,0,0.0,0,0.0,0.0,0.0,0,0,0,0.0,0.0,185432.0,0.0,25.24629294428893,1,0,0.00040064924811166906,8.02,LOW,ALLOW,8.0,0.04
1,CASH_OUT,106267.21,0,0,0.0,2,54367.0263671875,0.0,1.95462614084842,0,2,0,108734.052734375,0.0,241106.046875,0.0,2.268865859449385,1,0,0.0,11.0,LOW,ALLOW,11.0,0.0
1,PAYMENT,5491.5,0,0,0.0,0,0.0,0.0,0.0,0,0,0,0.0,36605.0,0.0,6.665756168624237,0.0,0,1,0.0,5.0,LOW,ALLOW,5.0,0.0
1,PAYMENT,3666.42,0,0,0.0,0,0.0,0.0,0.0,0,0,0,0.0,48117.0,0.0,13.12370132862279,0.0,0,1,0.0,5.0,LOW,ALLOW,5.0,0.0
1,PAYMENT,5507.18,0,0,0.0,0,0.0,0.0,0.0,0,0,0,0.0,36030.0,0.0,6.54236811761634,0.0,0,1,0.0,5.0,LOW,ALLOW,5.0,0.0
1,DEBIT,4565.14,0,0,0.0,3,213106.3723958333,0.0,0.0214218846925856,0,3,0,639319.1171875,30265.0,829892.0625,6.629588379241593,181.78895666858872,0,0,0.0,0.0,LOW,ALLOW,0.0,0.0
1,PAYMENT,11348.71,0,0,0.0,0,0.0,0.0,0.0,0,0,0,0.0,734899.0,0.0,64.75617074800024,0.0,0,1,0.0,5.0,LOW,ALLOW,5.0,0.0
1,TRANSFER,123179.97,0,0,0.0,1,864.6799926757812,0.0,142.45729031941107,0,1,0,864.6799926757812,7215.0,12904.6796875,0.0585728351225937,0.1047628102073211,0,0,0.0,32.0,LOW,ALLOW,32.0,0.0
1,PAYMENT,7073.6,0,0,0.0,0,0.0,0.0,0.0,0,0,0,0.0,0.0,0.0,0.0,0.0,1,1,8.645922160006689e-05,13.01,LOW,ALLOW,13.0,0.01
1,PAYMENT,2803.83,0,0,0.0,0,0.0,0.0,0.0,0,0,0,0.0,0.0,0.0,0.0,0.0,1,1,8.645922160006689e-05,13.01,LOW,ALLOW,13.0,0.01
1,PAYMENT,106.81,0,0,0.0,0,0.0,0.0,0.0,0,0,0,0.0,0.0,0.0,0.0,0.0,1,1,8.645922160006689e-05,13.01,LOW,ALLOW,13.0,0.01
1,PAYMENT,6297.71,0,0,0.0,0,0.0,0.0,0.0,0,0,0,0.0,762.0,0.0,0.1209963629202393,0.0,0,1,0.00618350222389134,20.37,LOW,ALLOW,20.0,0.62
1,PAYMENT,2610.01,0,0,0.0,0,0.0,0.0,0.0,0,0,0,0.0,58697.5390625,0.0,22.48939231760684,0.0,0,1,0.0,5.0,LOW,ALLOW,5.0,0.0
1,PAYMENT,5320.1,0,0,0.0,0,0.0,0.0,0.0,0,0,0,0.0,56087.5390625,0.0,10.542572138296638,0.0,0,1,0.0,5.0,LOW,ALLOW,5.0,0.0
1,PAYMENT,1460.63,0,0,0.0,0,0.0,0.0,0.0,0,0,0,0.0,1132.0,0.0,0.775008041883147,0.0,0,1,0.00547727971650937,20.33,LOW,ALLOW,20.0,0.55
1,TRANSFER,522264.8,0,0,0.0,0,0.0,0.0,0.0,0,0,0,0.0,24.0,11361.0,4.59536990154779e-05,0.0217533322714518,0,0,0.04776693896155278,19.87,LOW,ALLOW,17.0,4.78
1,DEBIT,3584.21,0,0,0.0,2,23931.025390625,0.0,0.149772519247822,0,2,0,47862.05078125,135496.0,100614.046875,37.80358892941616,28.071471250719643,0,0,0.0,0.0,LOW,ALLOW,0.0,0.0
1,PAYMENT,3704.97,0,0,0.0,0,0.0,0.0,0.0,0,0,0,0.0,24553.0,0.0,6.627044265986415,0.0,0,1,0.0,5.0,LOW,ALLOW,5.0,0.0
1,PAYMENT,2773.61,0,0,0.0,0,0.0,0.0,0.0,0,0,0,0.0,14332.0,0.0,5.167272776245351,0.0,0,1,0.0,5.0,LOW,ALLOW,5.0,0.0
1,PAYMENT,3896.42,0,0,0.0,0,0.0,0.0,0.0,0,0,0,0.0,11558.3896484375,0.0,2.9664127276290784,0.0,0,1,0.0,5.0,LOW,ALLOW,5.0,0.0
1,PAYMENT,18781.84,0,0,0.0,0,0.0,0.0,0.0,0,0,0,0.0,7661.97021484375,0.0,0.4079456687196388,0.0,0,1,0.00618350222389134,20.37,LOW,ALLOW,20.0,0.62
1,PAYMENT,6660.33,0,0,0.0,0,0.0,0.0,0.0,0,0,0,0.0,17710.0,0.0,2.659027374358851,0.0,0,1,0.0,5.0,LOW,ALLOW,5.0,0.0
1,TRANSFER,26923.42,0,0,0.0,1,78292.90625,0.0,0.3438807065854066,0,1,0,78292.90625,11049.669921875,199404.90625,0.410411082765056,7.406373589559682,0,0,0.0,17.0,LOW,ALLOW,17.0,0.0
1,TRANSFER,53783.57,0,0,0.0,0,0.0,0.0,0.0,0,0,0,0.0,0.0,75514.0,0.0,1.4040347184323976,1,0,0.002410991620906991,10.14,LOW,ALLOW,10.0,0.24
1,TRANSFER,80333.28,0,0,0.0,2,108910.4921875,0.0,0.7376082839814776,0,2,0,217820.984375,0.0,321592.96875,0.0,4.003234571599178,1,0,0.0,10.0,LOW,ALLOW,10.0,0.0
1,TRANSFER,211075.9,0,0,0.0,3,283468.9375,0.0,0.7446174106819023,0,3,0,850406.8125,0.0,930082.8125,0.0,4.406390236687661,1,0,0.0,10.0,LOW,ALLOW,10.0,0.0
1,TRANSFER,100677.86,0,0,0.0,2,204419.78125,0.0,0.4925054647811878,0,2,0,408839.5625,0.0,701567.5625,0.0,6.9684394052006535,1,0,0.0,10.0,LOW,ALLOW,10.0,0.0
1,TRANSFER,473499.5,0,0,0.0,3,231938.4583333333,0.0,2.041487657555713,0,3,0,695815.375,0.0,883248.375,0.0,1.8653628462120868,1,0,0.0008552434780419153,10.05,LOW,ALLOW,10.0,0.09
1,TRANSFER,1538200.4,0,0,0.0,10,610534.03671875,0.0,2.519434269818753,0,10,0,6105340.3671875,0.0,6977445.5,0.0,4.536109607956636,1,0,0.0,15.0,LOW,ALLOW,15.0,0.0
1,TRANSFER,2421578.0,0,0,0.0,11,694867.3401988636,0.0,3.484950090339503,0,10,0,7263684.5234375,0.0,8515646.0,0.0,3.516568948016541,1,0,0.0,15.0,LOW,ALLOW,15.0,0.0
1,TRANSFER,1349670.6,0,0,0.0,2,754527.4749755859,0.0,1.7887627286781982,0,2,0,1509054.949951172,0.0,1538086.0,0.0,1.1396010045043397,1,0,0.0,10.0,LOW,ALLOW,10.0,0.0
1,TRANSFER,314403.12,0,0,0.0,2,221726.625,0.0,1.4179764157777623,0,2,0,443453.25,0.0,888232.25,0.0,2.8251381089166974,1,0,0.0,10.0,LOW,ALLOW,10.0,0.0
1,TRANSFER,1457213.5,0,0,0.0,12,838759.8951822916,0.0,1.7373428419384511,0,10,0,8923755.1484375,0.0,10937224.0,0.0,7.505574166036754,1,0,0.0,15.0,LOW,ALLOW,15.0,0.0
1,TRANSFER,180368.84,0,0,0.0,3,408618.75,0.0,0.4414110800104009,0,3,0,1225856.25,0.0,1437353.375,0.0,7.9689670628051585,1,0,0.0,10.0,LOW,ALLOW,10.0,0.0
1,TRANSFER,445038.72,0,0,0.0,3,169839.140625,0.0,2.620354278243982,0,3,0,509517.421875,0.0,802245.4375,0.0,1.802641890919744,1,0,0.0008552434780419153,10.05,LOW,ALLOW,10.0,0.09
1,TRANSFER,1123206.6,0,0,0.0,4,400524.29296875,0.0,2.804340822062535,0,4,0,1602097.171875,0.0,1773963.125,0.0,1.5793738084477555,1,0,0.0,10.0,LOW,ALLOW,10.0,0.0
1,DEBIT,996.0,0,0,0.0,0,0.0,0.0,0.0,0,0,0,0.0,46132.0,88106.546875,46.31726907630522,88.46038842871486,0,0,0.006357217386821309,0.38,LOW,ALLOW,0.0,0.64
1,TRANSFER,176334.27,0,0,0.0,1,583848.4375,0.0,0.3020206175082895,0,1,0,583848.4375,45136.0,1251626.5,0.2559684009232111,7.098033360468705,0,0,0.0,17.0,LOW,ALLOW,17.0,0.0
1,TRANSFER,161217.61,0,0,0.0,0,0.0,0.0,0.0,0,0,0,0.0,0.0,199733.0,0.0,1.238903124629589,1,0,0.002410991620906991,10.14,LOW,ALLOW,10.0,0.24
1,TRANSFER,108443.61,0,0,0.0,3,65223.43229166666,0.0,1.66264800187241,0,3,0,195670.296875,0.0,246974.296875,0.0,2.2774444552187334,1,0,0.0,10.0,LOW,ALLOW,10.0,0.0
1,TRANSFER,75442.68,0,0,0.0,0,0.0,0.0,0.0,0,0,0,0.0,0.0,80469.0,0.0,1.066624360816982,1,0,0.002410991620906991,10.14,LOW,ALLOW,10.0,0.24
1,TRANSFER,55536.86,0,0,0.0,3,189130.1223958333,0.0,0.2936436495227664,0,3,0,567390.3671875,0.0,915902.375,0.0,16.49179275363012,1,0,0.0,10.0,LOW,ALLOW,10.0,0.0
1,TRANSFER,438437.1,0,0,0.0,2,44019.226318359375,0.0,9.960127208486131,0,2,0,88038.45263671875,0.0,740675.4375,0.0,1.6893539530720876,1,0,0.0008552434780419153,20.05,LOW,ALLOW,20.0,0.09
1,TRANSFER,928722.7,0,0,0.0,5,199628.759375,0.0,4.6522489565514284,0,5,0,998143.796875,0.0,1259119.75,0.0,1.3557542708355554,1,0,0.0,10.0,LOW,ALLOW,10.0,0.0
1,TRANSFER,1478772.0,0,0,0.0,2,338773.5625,0.0,4.365074975412226,0,2,0,677547.125,0.0,1652668.125,0.0,1.1175949537859793,1,0,0.0,10.0,LOW,ALLOW,10.0,0.0
1,TRANSFER,2545478.0,0,0,0.0,13,886333.2493990385,0.0,2.8719197905820564,0,10,0,8951917.1484375,0.0,12394437.0,0.0,4.869198240959065,1,0,0.0,15.0,LOW,ALLOW,15.0,0.0
1,TRANSFER,2061082.9,0,0,0.0,14,1004843.5887276784,0.0,2.0511479578724483,0,10,0,9772508.1484375,0.0,14939915.0,0.0,7.248575581901334,1,0,0.0,15.0,LOW,ALLOW,15.0,0.0
1,TRANSFER,983479.7,0,0,0.0,3,718773.0416666666,0.0,1.3682757010746265,0,3,0,2156319.125,0.0,3131440.25,0.0,3.1840416124506894,1,0,0.0,10.0,LOW,ALLOW,10.0,0.0
1,TRANSFER,635508.0,0,0,0.0,4,160971.0643310547,0.0,3.9479642048772687,0,4,0,643884.2573242188,0.0,834457.25,0.0,1.3130554611428966,1,0,0.0008552434780419153,10.05,LOW,ALLOW,10.0,0.09
1,TRANSFER,848231.56,0,0,0.0,4,784949.703125,0.0,1.0806189990556918,0,4,0,3139798.8125,0.0,4114919.75,0.0,4.851174999751321,1,0,0.0,10.0,LOW,ALLOW,10.0,0.0
1,TRANSFER,739112.94,0,0,0.0,4,265370.6796875,0.0,2.7852094977876907,0,4,0,1061482.71875,0.0,1141158.75,0.0,1.5439572115459013,1,0,0.0,10.0,LOW,ALLOW,10.0,0.0
1,TRANSFER,324397.94,0,0,0.0,2,183395.88671875,0.0,1.768839766823594,0,2,0,366791.7734375,0.0,373058.78125,0.0,1.1500035546619345,1,0,0.0,10.0,LOW,ALLOW,10.0,0.0
1,TRANSFER,982862.8,0,0,0.0,6,321144.4140625,0.0,3.0605010377316377,0,6,0,1926866.484375,0.0,2187842.5,0.0,2.22598970291187,1,0,0.0,10.0,LOW,ALLOW,10.0,0.0
1,TRANSFER,955855.0,0,0,0.0,3,175491.8487955729,0.0,5.446720212706046,0,3,0,526475.5463867188,0.0,1179112.5,0.0,1.2335683759566043,1,0,0.0,20.0,LOW,ALLOW,20.0,0.0
1,TRANSFER,179253.23,0,0,0.0,1,75405.1015625,0.0,2.377203009618982,0,1,0,75405.1015625,0.0,179614.09375,0.0,1.0020131261578529,1,0,0.0,10.0,LOW,ALLOW,10.0,0.0
1,PAYMENT,5446.88,0,0,0.0,0,0.0,0.0,0.0,0,0,0,0.0,666.0,0.0,0.1222718353128269,0.0,0,1,0.00618350222389134,20.37,LOW,ALLOW,20.0,0.62
1,PAYMENT,648.64,0,0,0.0,0,0.0,0.0,0.0,0,0,0,0.0,873.0,0.0,1.3458929148445544,0.0,0,1,0.004489462717973374,5.27,LOW,ALLOW,5.0,0.45
1,PAYMENT,8494.71,0,0,0.0,0,0.0,0.0,0.0,0,0,0,0.0,11129.0,0.0,1.3101094741522843,0.0,0,1,0.0,5.0,LOW,ALLOW,5.0,0.0
1,CASH_OUT,373068.25,0,0,0.0,2,380091.3515625,0.0,0.981522595729608,0,2,0,760182.703125,20034.0,1427960.75,0.0537006298445391,3.8276126419227583,0,0,0.0,18.0,LOW,ALLOW,18.0,0.0
1,CASH_IN,143236.27,0,0,0.0,3,185530.7161458333,0.0,0.7720353190056761,0,3,0,556592.1484375,0.0,608932.1875,0.0,4.2512431111141655,1,0,0.0,8.0,LOW,ALLOW,8.0,0.0
1,CASH_IN,228451.89,0,0,0.0,3,176623.46354166666,0.0,1.2934402148166837,0,3,0,529870.390625,143236.265625,719678.375,0.6269865626112062,3.15024039867256,0,0,0.0,15.0,LOW,ALLOW,15.0,0.0
1,CASH_IN,35902.49,0,0,0.0,1,23261.30078125,0.0,1.5434428460763274,0,1,0,23261.30078125,371688.15625,49003.30078125,10.352712974607762,1.3648998475362464,0,0,0.0,0.0,LOW,ALLOW,0.0,0.0
1,CASH_IN,232953.64,0,0,0.0,2,336355.140625,0.0,0.6925823705032009,0,2,0,672710.28125,407590.65625,1172672.25,1.7496642471714967,5.033929698861086,0,0,0.0,0.0,LOW,ALLOW,0.0,0.0
1,CASH_IN,65912.95,0,0,0.0,3,17148.753580729168,0.0,3.8436002252122496,0,3,0,51446.2607421875,640544.25,104198.2578125,9.718032945440116,1.580846447812681,0,0,0.0,0.0,LOW,ALLOW,0.0,0.0
1,CASH_IN,193492.69,0,0,0.0,4,238639.03515625,0.0,0.810817422947213,0,4,0,954556.140625,706457.25,1247284.125,3.6510798373194335,6.446156395445176,0,0,0.0,0.0,LOW,ALLOW,0.0,0.0
1,CASH_IN,60836.64,0,0,0.0,0,0.0,0.0,0.0,0,0,0,0.0,899949.9375,143436.0,14.792893365814445,2.357723873744878,0,0,0.00021100332771807755,0.01,LOW,ALLOW,0.0,0.02
1,CASH_IN,62325.15,0,0,0.0,5,360119.13125,0.0,0.1730681405932665,0,5,0,1800595.65625,960786.5625,1880271.625,15.415712382353682,30.16874684037932,0,0,0.0,0.0,LOW,ALLOW,0.0,0.0
1,CASH_IN,349640.5,0,0,0.0,1,161217.609375,0.0,2.16874881940917,0,1,0,161217.609375,1023111.6875,360950.625,2.9261818567929057,1.0323478687394625,0,0,0.0,0.0,LOW,ALLOW,0.0,0.0
1,CASH_IN,135324.19,0,0,0.0,4,292328.71875,0.0,0.4629178688930986,0,4,0,1169314.875,1372752.25,1356747.875,10.144175075871043,10.025908154815266,0,0,0.0,0.0,LOW,ALLOW,0.0,0.0
1,CASH_IN,380015.12,0,0,0.0,6,151120.52579752603,0.0,2.5146493038884143,0,6,0,906723.1547851562,1508076.375,1336470.125,3.968464084159808,3.516886663392674,0,0,0.0,0.0,LOW,ALLOW,0.0,0.0
1,CASH_IN,418688.28,0,0,0.0,7,183819.75425502236,0.0,2.277711027015806,0,7,0,1286738.2797851562,1888091.5,956455.0,4.509539876213099,2.2844083363032985,0,0,0.0,0.0,LOW,ALLOW,0.0,0.0
1,CASH_IN,311023.53,0,0,0.0,4,314992.7421875,0.0,0.9873990400225244,0,4,0,1259970.96875,2306779.75,1477777.0,7.416737057575929,4.751335032628661,0,0,0.0,0.0,LOW,ALLOW,0.0,0.0
1,CASH_IN,151862.38,0,0,0.0,2,47652.7412109375,0.0,3.1868549665962087,0,2,0,95305.482421875,2617803.25,158858.484375,17.23799756193725,1.0460687472785803,0,0,0.0,0.0,LOW,ALLOW,0.0,0.0
1,CASH_IN,228710.05,0,0,0.0,5,106818.62734375,0.0,2.141106402153949,0,5,0,534093.13671875,2769665.75,743792.125,12.109943519506787,3.2521182832274738,0,0,0.0,0.0,LOW,ALLOW,0.0,0.0
1,CASH_IN,220431.1,0,0,0.0,5,545060.759375,0.0,0.4044156361627642,0,5,0,2725303.796875,2998375.75,2897169.75,13.6023266908097,13.14319908644921,0,0,0.0,0.0,LOW,ALLOW,0.0,0.0
1,CASH_IN,182861.45,0,0,0.0,1,7344.919921875,0.0,24.896316783576232,0,1,0,7344.919921875,3218806.75,192776.921875,17.602434493395915,1.054223941571885,0,0,0.0,15.0,LOW,ALLOW,15.0,0.0
1,CASH_IN,231881.5,0,0,0.0,4,151335.4291381836,0.0,1.5322353881077655,0,4,0,605341.7165527344,3401668.25,894141.75,14.66985615497571,3.856028833693072,0,0,0.0,0.0,LOW,ALLOW,0.0,0.0
1,CASH_IN,38071.17,0,0,0.0,0,0.0,0.0,0.0,0,0,0,0.0,3633549.75,122487.0,95.44097465478924,3.2173162518391747,0,0,0.00021100332771807755,0.01,LOW,ALLOW,0.0,0.02
1,CASH_IN,87117.29,0,0,0.0,2,124020.4453125,0.0,0.7024429628758917,0,2,0,248040.890625,3671621.0,501093.875,42.14572146943063,5.751945226859658,0,0,0.0,0.0,LOW,ALLOW,0.0,0.0
1,CASH_IN,114271.72,0,0,0.0,7,415675.61383928574,0.0,0.2749059962756952,0,7,0,2909729.296875,3758738.25,3170705.25,32.89298779362238,27.747068869566643,0,0,0.0,0.0,LOW,ALLOW,0.0,0.0
1,CASH_IN,73199.1,0,0,0.0,3,99384.75520833331,0.0,0.7365224315244107,0,3,0,298154.265625,3873010.0,401926.25,52.91062208862066,5.490863158434001,0,0,0.0,0.0,LOW,ALLOW,0.0,0.0
1,CASH_IN,764773.0,0,0,0.0,8,378000.126953125,0.0,2.023208315204714,0,8,0,3024001.015625,3946209.0,3056433.5,5.159974266873961,3.996523805102952,0,0,0.0064797863577050465,5.39,LOW,ALLOW,5.0,0.65
1,CASH_IN,106847.36,0,0,0.0,1,335416.5,0.0,0.3185512918267288,0,1,0,335416.5,4710982.0,335711.5,44.09076674947073,3.1419728289377766,0,0,0.0,0.0,LOW,ALLOW,0.0,0.0
1,CASH_IN,6287.28,0,0,0.0,0,0.0,0.0,0.0,0,0,0,0.0,4817829.5,11274.0,766.2820273044789,1.7931443144326082,0,0,0.00021100332771807755,0.01,LOW,ALLOW,0.0,0.02
1,CASH_IN,24936.34,0,0,0.0,0,0.0,0.0,0.0,0,0,0,0.0,4824116.5,104408.0,193.457280829011,4.186981756513422,0,0,0.00021100332771807755,0.01,LOW,ALLOW,0.0,0.02
1,CASH_IN,55837.16,0,0,0.0,1,14121.8203125,0.0,3.95396336454058,0,1,0,14121.8203125,4849053.0,66800.8203125,86.84275823539053,1.1963506046075807,0,0,0.0,0.0,LOW,ALLOW,0.0,0.0
1,CASH_IN,63255.29,0,0,0.0,1,215310.296875,0.0,0.2937866417936497,0,1,0,215310.296875,4904890.0,237735.296875,77.54118387086456,3.75834654142681,0,0,0.0,0.0,LOW,ALLOW,0.0,0.0
1,CASH_IN,104605.78,0,0,0.0,1,101940.140625,0.0,1.026149077376751,0,1,0,101940.140625,4968145.5,207302.140625,47.49398590242832,1.9817464976392016,0,0,0.0,0.0,LOW,ALLOW,0.0,0.0
1,CASH_IN,154160.81,0,0,0.0,0,0.0,0.0,0.0,0,0,0,0.0,5072751.5,157376.0,32.90558357688988,1.020856062236958,0,0,0.00021100332771807755,0.01,LOW,ALLOW,0.0,0.02
1,CASH_IN,257348.03,0,0,0.0,9,420974.890625,0.0,0.6113144441178628,0,9,0,3788774.015625,5226912.0,2291660.5,20.31067412721853,8.904907835777353,0,0,0.0,5.0,LOW,ALLOW,5.0,0.0
1,CASH_IN,201073.81,0,0,0.0,8,213178.32012939453,0.0,0.9432188619272008,0,8,0,1705426.5610351562,5484260.0,537766.75,27.27485957426704,2.6744743301666896,0,0,0.0,5.0,LOW,ALLOW,5.0,0.0
1,CASH_IN,53560.68,0,0,0.0,1,77957.6796875,0.0,0.6870481510250503,0,1,0,77957.6796875,5685334.0,172857.6875,106.14753272682692,3.2273243825235016,0,0,0.0,0.0,LOW,ALLOW,0.0,0.0
1,CASH_IN,334234.38,0,0,0.0,2,127329.16796875,0.0,2.624963159124939,0,2,0,254658.3359375,5738894.5,358867.34375,17.170270113599177,1.0736996867841615,0,0,0.0,0.0,LOW,ALLOW,0.0,0.0
1,CASH_IN,227335.16,0,0,0.0,6,310486.80078125,0.0,0.7321894382562383,0,6,0,1862920.8046875,6073129.0,1817946.5,26.71442948015217,7.996767987793353,0,0,0.0,0.0,LOW,ALLOW,0.0,0.0
1,CASH_IN,134426.08,0,0,0.0,2,221131.9296875,0.0,0.6078999008192473,0,2,0,442263.859375,6300464.0,228864.15625,46.86935814746697,1.7025279576867816,0,0,0.0,0.0,LOW,ALLOW,0.0,0.0
1,CASH_IN,2643.45,0,0,0.0,0,0.0,0.0,0.0,0,0,0,0.0,6434890.5,49974.0,2434.277409771776,18.904840614760225,0,0,0.00021100332771807755,0.01,LOW,ALLOW,0.0,0.02
1,CASH_IN,134977.11,0,0,0.0,1,410201.875,0.0,0.3290504446743448,0,1,0,410201.875,6437533.5,471814.875,47.69352025545998,3.495517700628637,0,0,0.0,0.0,LOW,ALLOW,0.0,0.0
1,CASH_IN,25090.03,0,0,0.0,1,28404.599609375,0.0,0.8833086768311278,0,1,0,28404.599609375,6572511.0,80148.6015625,261.9570875040236,3.194440333813505,0,0,0.0,0.0,LOW,ALLOW,0.0,0.0
1,CASH_IN,147388.67,0,0,0.0,2,57116.50390625,0.0,2.580491833269787,0,2,0,114233.0078125,6597601.0,184486.015625,44.76328415249858,1.2516973881239812,0,0,0.0,0.0,LOW,ALLOW,0.0,0.0
1,CASH_IN,217615.1,0,0,0.0,4,155731.806640625,0.0,1.397370893231722,0,4,0,622927.2265625,6744989.5,971439.25,30.995044432665875,4.464025143016992,0,0,0.0,0.0,LOW,ALLOW,0.0,0.0
1,CASH_IN,355294.5,0,0,0.0,5,255878.45146484376,0.0,1.3885284124787485,0,5,0,1279392.2573242188,6962604.5,1469965.25,19.59671343068919,4.137314959843172,0,0,0.0,0.0,LOW,ALLOW,0.0,0.0
1,CASH_IN,12336.48,0,0,0.0,0,0.0,0.0,0.0,0,0,0,0.0,7317899.0,21024.0,593.1917955479477,1.7042137790641894,0,0,0.00021100332771807755,0.01,LOW,ALLOW,0.0,0.02
1,CASH_IN,349505.88,0,0,0.0,15,1075259.5411458334,0.0,0.3250432678119317,0,10,0,11252296.7734375,7330235.5,17000998.0,20.973139578841128,48.64295342674855,0,0,0.0,5.0,LOW,ALLOW,5.0,0.0
1,CASH_IN,285185.34,0,0,0.0,3,126090.69270833331,0.0,2.2617477755449915,0,3,0,378272.078125,7679741.5,451065.09375,26.928948728628345,1.5816559428292851,0,0,0.0,0.0,LOW,ALLOW,0.0,0.0
1,CASH_IN,132953.45,0,0,0.0,4,351556.2734375,0.0,0.3781854091949139,0,4,0,1406225.09375,7964927.0,1617722.125,59.90763543773132,12.167582616143502,0,0,0.0,0.0,LOW,ALLOW,0.0,0.0
1,CASH_IN,214851.4,0,0,0.0,3,301887.9739583333,0.0,0.7116924978258785,0,3,0,905663.921875,8097880.5,939718.625,37.69060971645374,4.373807187962029,0,0,0.0,0.0,LOW,ALLOW,0.0,0.0
1,CASH_IN,54988.56,0,0,0.0,0,0.0,0.0,0.0,0,0,0,0.0,8312731.5,60870.0,151.17202037270394,1.1069575482001903,0,0,0.00021100332771807755,0.01,LOW,ALLOW,0.0,0.02
1,CASH_IN,62871.06,0,0,0.0,1,177652.90625,0.0,0.353898283573675,0,1,0,177652.90625,8367720.0,177707.90625,133.09335308109212,2.8265454761670883,0,0,0.0,0.0,LOW,ALLOW,0.0,0.0
1,CASH_IN,61150.85,0,0,0.0,5,192542.82890625,0.0,0.3175961000982001,0,5,0,962714.14453125,8430591.0,1166393.125,137.86547177324928,19.074029145904426,0,0,0.0,0.0,LOW,ALLOW,0.0,0.0
1,CASH_IN,131409.27,0,0,0.0,0,0.0,0.0,0.0,0,0,0,0.0,8491742.0,290276.03125,64.62057267889097,2.208946453428596,0,0,0.00021100332771807755,0.01,LOW,ALLOW,0.0,0.02
1,CASH_IN,10844.33,0,0,0.0,0,0.0,0.0,0.0,0,0,0,0.0,8623151.0,42274.0,795.1759986902717,3.898258324437616,0,0,0.00021100332771807755,0.01,LOW,ALLOW,0.0,0.02
1,PAYMENT,2054.84,0,0,0.0,0,0.0,0.0,0.0,0,0,0,0.0,22195.0,0.0,10.801327135282849,0.0,0,1,0.0,5.0,LOW,ALLOW,5.0,0.0
1,CASH_IN,313373.56,0,0,0.0,10,404612.2046875,0.0,0.7745034847429586,0,10,0,4046122.046875,20140.16015625,2034312.625,0.0642688553417775,6.491653631438676,0,0,0.0,20.0,LOW,ALLOW,20.0,0.0
1,CASH_IN,13289.87,0,0,0.0,2,19000.5498046875,0.0,0.6994466083243993,0,2,0,38001.099609375,333513.71875,78256.1015625,25.095333198077984,5.888402284781781,0,0,0.0,0.0,LOW,ALLOW,0.0,0.0
1,CASH_IN,27070.11,0,0,0.0,0,0.0,0.0,0.0,0,0,0,0.0,346803.59375,70595.0,12.811311138265395,2.6078579521808822,0,0,0.00021100332771807755,0.01,LOW,ALLOW,0.0,0.02
1,CASH_IN,127954.7,0,0,0.0,7,298607.99441964284,0.0,0.4285039433511662,0,7,0,2090255.9609375,373873.6875,1590611.375,2.9219221987859227,12.431050490157588,0,0,0.0,0.0,LOW,ALLOW,0.0,0.0
1,CASH_IN,197031.05,0,0,0.0,6,127133.86393229169,0.0,1.5497920127711513,0,6,0,762803.18359375,501828.40625,515082.09375,2.546950920726564,2.614217921081124,0,0,0.0,0.0,LOW,ALLOW,0.0,0.0
1,CASH_IN,144366.64,0,0,0.0,11,396317.7826704545,0.0,0.3642699039448439,0,10,0,4347847.109375,698859.4375,1720939.0,4.840865136671875,11.920614018235904,0,0,0.0,5.0,LOW,ALLOW,5.0,0.0
1,CASH_IN,7965.49,0,0,0.0,1,5337.77001953125,0.0,1.492288016386759,0,1,0,5337.77001953125,843226.0625,35100.08984375,105.8599078887908,4.406519725838829,0,0,0.0,0.0,LOW,ALLOW,0.0,0.0
1,CASH_IN,123103.74,0,0,0.0,2,141064.625,0.0,0.8726762091310986,0,2,0,282129.25,851191.5625,541942.25,6.914424755695447,4.402321492181486,0,0,0.0,0.0,LOW,ALLOW,0.0,0.0
1,CASH_IN,106634.77,0,0,0.0,5,797606.075,0.0,0.1336935321580894,0,5,0,3988030.375,974295.3125,4963151.5,9.136750434144702,46.54346176211428,0,0,0.0,0.0,LOW,ALLOW,0.0,0.0
1,CASH_IN,74933.22,0,0,0.0,2,220737.71875,0.0,0.3394672155458252,0,2,0,441475.4375,1080930.125,1312918.25,14.425246146256065,17.52117781541314,0,0,0.0,0.0,LOW,ALLOW,0.0,0.0
1,CASH_IN,120234.99,0,0,0.0,1,94253.328125,0.0,1.2756577892723615,0,1,0,94253.328125,1155863.25,194026.328125,9.613368196485542,1.6137259594313973,0,0,0.0,0.0,LOW,ALLOW,0.0,0.0
1,CASH_IN,5763.99,0,0,0.0,3,196297.5703125,0.0,0.0293635332582002,0,3,0,588892.7109375,1276098.25,24632.94921875,221.39146634733493,4.27359315632515,0,0,0.0,0.0,LOW,ALLOW,0.0,0.0
1,CASH_IN,156922.36,0,0,0.0,3,952908.524983724,0.0,0.164677254175767,0,3,0,2858725.574951172,1281862.25,2887756.75,8.168767377099602,18.402455593336317,0,0,0.0,0.0,LOW,ALLOW,0.0,0.0
1,CASH_IN,162665.98,0,0,0.0,1,12401.900390625,0.0,13.11621439065617,0,1,0,12401.900390625,1438784.625,362164.90625,8.845024548482833,2.2264329425818223,0,0,0.006666666666666667,15.4,LOW,ALLOW,15.0,0.67
1,CASH_IN,110226.34,0,0,0.0,0,0.0,0.0,0.0,0,0,0,0.0,1601450.625,1601450.625,14.528746672684589,14.528746672684589,0,0,0.00021100332771807755,0.01,LOW,ALLOW,0.0,0.02
1,CASH_IN,142577.44,0,0,0.0,2,139282.79296875,0.0,1.0236543542890413,0,2,0,278565.5859375,1601450.625,174480.015625,11.23214621528038,1.2237561474269028,0,0,0.0,0.0,LOW,ALLOW,0.0,0.0
1,CASH_IN,6915.38,0,0,0.0,0,0.0,0.0,0.0,0,0,0,0.0,1744028.125,49685.0,252.19556330298084,7.184710144917303,0,0,0.00021100332771807755,0.01,LOW,ALLOW,0.0,0.02
1,CASH_IN,157108.02,0,0,0.0,12,375321.8541666667,0.0,0.4185954371717296,0,10,0,4300511.6875,1750943.5,1576572.375,11.14483874698866,10.034958233850457,0,0,0.0,5.0,LOW,ALLOW,5.0,0.0
1,CASH_IN,223555.14,0,0,0.0,8,277276.3330078125,0.0,0.8062539568377123,0,8,0,2218210.6640625,1908051.5,1462656.625,8.535037461744793,6.542710764381466,0,0,0.0,5.0,LOW,ALLOW,5.0,0.0
1,CASH_IN,146331.12,0,0,0.0,5,229609.765625,0.0,0.6373035772310697,0,5,0,1148048.828125,2131606.5,1053791.5,14.567006848337972,7.201417333462037,0,0,0.0,0.0,LOW,ALLOW,0.0,0.0
1,CASH_IN,141131.23,0,0,0.0,13,358536.1742788461,0.0,0.3936317852971714,0,10,0,4368784.84375,2277937.75,1419464.375,16.14056420669636,10.05776206299124,0,0,0.0,5.0,LOW,ALLOW,5.0,0.0
1,CASH_IN,222711.47,0,0,0.0,16,1029899.9370117188,0.0,0.2162457348975115,0,10,0,11516379.015625,2419069.0,16651492.0,10.8618968460734,74.76710603840424,0,0,0.0,5.0,LOW,ALLOW,5.0,0.0
1,CASH_IN,84980.31,0,0,0.0,4,165864.35546875,0.0,0.5123482514361616,0,4,0,663457.421875,2641780.5,165879.75,31.08697087928454,1.951978583274803,0,0,0.0,0.0,LOW,ALLOW,0.0,0.0
1,CASH_IN,628719.06,0,0,0.0,5,307835.709375,0.0,2.042385088385265,0,5,0,1539178.546875,2726760.75,1484768.75,4.3370098230479535,2.361577433482065,0,0,0.0,0.0,LOW,ALLOW,0.0,0.0
1,CASH_IN,79285.8,0,0,0.0,6,682444.19140625,0.0,0.1161791658181206,0,6,0,4094665.1484375,3355479.75,4856516.5,42.32132213150566,61.25329745574308,0,0,0.0,0.0,LOW,ALLOW,0.0,0.0
1,CASH_IN,57809.81,0,0,0.0,0,0.0,0.0,0.0,0,0,0,0.0,3434765.5,59666.0,59.41492600567688,1.0321085893796005,0,0,0.00021100332771807755,0.01,LOW,ALLOW,0.0,0.02
1,CASH_IN,75043.17,0,0,0.0,0,0.0,0.0,0.0,0,0,0,0.0,3492575.5,156547.0,46.54088323741979,2.0860925263228687,0,0,0.00021100332771807755,0.01,LOW,ALLOW,0.0,0.02
1,CASH_IN,248196.92,0,0,0.0,7,137119.17578125,0.0,1.8100817807638765,0,7,0,959834.23046875,3567618.5,318051.0625,14.374144824393786,1.28144644219311,0,0,0.0,0.0,LOW,ALLOW,0.0,0.0
1,CASH_IN,18851.44,0,0,0.0,1,2643.449951171875,0.0,7.131377480692576,0,1,0,2643.449951171875,3815815.5,47330.55078125,202.4150733681747,2.5107128237575527,0,0,0.0,10.0,LOW,ALLOW,10.0,0.0
1,CASH_IN,403418.38,0,0,0.0,3,377750.3177083333,0.0,1.0679497967000662,0,3,0,1133250.953125,3834667.0,1801029.0,9.505434649574402,4.464419847013661,0,0,0.0,0.0,LOW,ALLOW,0.0,0.0
1,CASH_IN,235564.81,0,0,0.0,6,490955.8151041667,0.0,0.4798085800247013,0,6,0,2945734.890625,4238085.5,2676738.75,17.99116538256324,11.36306701154698,0,0,0.0,0.0,LOW,ALLOW,0.0,0.0
1,CASH_IN,32325.24,0,0,0.0,1,131409.265625,0.0,0.2459890486460893,0,1,0,131409.265625,4473650.0,158866.765625,138.39494981518106,4.9146352656045975,0,0,0.0,0.0,LOW,ALLOW,0.0,0.0
1,CASH_IN,345347.7,0,0,0.0,4,76028.4765625,0.0,4.542346540590003,0,4,0,304113.90625,4505975.5,355417.90625,13.047649262165685,1.0291596530525486,0,0,0.006654499948941381,0.4,LOW,ALLOW,0.0,0.67
1,CASH_IN,355500.25,0,0,0.0,5,314198.9,0.0,1.1314496963547611,0,5,0,1570994.5,4851323.0,1166753.5,13.646468603045989,3.2820047243286044,0,0,0.0,0.0,LOW,ALLOW,0.0,0.0
1,CASH_IN,103005.78,0,0,0.0,2,120261.982421875,0.0,0.8565115855870326,0,2,0,240523.96484375,5206823.5,114836.8515625,50.54884722793169,1.1148583134745167,0,0,0.0,0.0,LOW,ALLOW,0.0,0.0
1,CASH_IN,108803.98,0,0,0.0,6,321082.4583333333,0.0,0.3388661502321768,0,6,0,1926494.75,5309829.0,811253.1875,48.80179169692284,7.456098693543557,0,0,0.0,0.0,LOW,ALLOW,0.0,0.0
1,CASH_IN,259753.27,0,0,0.0,1,114712.4765625,0.0,2.264385474089873,0,1,0,114712.4765625,5418633.0,260112.484375,20.860692499715324,1.001382922940875,0,0,0.0,0.0,LOW,ALLOW,0.0,0.0
1,CASH_IN,234094.23,0,0,0.0,14,343007.25,0.0,0.6824760537131503,0,10,0,4006582.296875,5678386.5,1278333.125,24.256840477769668,5.460762963312518,0,0,0.0,5.0,LOW,ALLOW,5.0,0.0
1,CASH_IN,273305.72,0,0,0.0,3,172136.21875,0.0,1.5877293037726845,0,3,0,516408.65625,5912480.5,1237985.0,21.633211800475728,4.52967104260419,0,0,0.0,0.0,LOW,ALLOW,0.0,0.0
1,CASH_IN,186838.95,0,0,0.0,3,135077.6640625,0.0,1.3831965071482892,0,3,0,405232.9921875,6185786.5,418838.5,33.10758488280306,2.2417086640374526,0,0,0.0,0.0,LOW,ALLOW,0.0,0.0
1,CASH_IN,193161.05,0,0,0.0,7,454471.3861607143,0.0,0.425023560903992,0,7,0,3181299.703125,6372625.5,2441174.0,32.991255758330546,12.638024278154557,0,0,0.0,0.0,LOW,ALLOW,0.0,0.0
1,CASH_IN,152823.84,0,0,0.0,3,252618.79166666663,0.0,0.6049583356081157,0,3,0,757856.375,6565786.5,1202635.375,42.963102738999126,7.869422372122479,0,0,0.0,0.0,LOW,ALLOW,0.0,0.0
1,CASH_IN,91457.82,0,0,0.0,5,167444.64331054688,0.0,0.5461973491912794,0,5,0,837223.2165527344,6718610.0,662260.25,73.46129589622129,7.241154968893191,0,0,0.0,0.0,LOW,ALLOW,0.0,0.0
1,CASH_IN,277807.47,0,0,0.0,6,215729.9921875,0.0,1.287755429521111,0,6,0,1294379.953125,6810068.0,907460.3125,24.51362459995057,3.2665079761287017,0,0,0.0,0.0,LOW,ALLOW,0.0,0.0
1,CASH_IN,8679.13,0,0,0.0,3,192229.97916666663,0.0,0.0451497207690354,0,3,0,576689.9375,7087875.5,94438.078125,816.6573833670008,10.881053677053284,0,0,0.0,0.0,LOW,ALLOW,0.0,0.0
1,CASH_IN,2099.59,0,0,0.0,1,15918.7900390625,0.0,0.1318938237603814,0,1,0,15918.7900390625,7096554.5,40471.7890625,3379.971424388666,19.27604311714026,0,0,0.0,0.0,LOW,ALLOW,0.0,0.0
1,CASH_IN,221693.08,0,0,0.0,7,224598.203125,0.0,0.987065234896901,0,7,0,1572187.421875,7098654.0,629652.875,32.02018782019652,2.840200877381363,0,0,0.0,0.0,LOW,ALLOW,0.0,0.0
1,CASH_IN,206097.66,0,0,0.0,9,271307.31163194444,0.0,0.7596465241216651,0,9,0,2441765.8046875,7320347.5,1239101.5,35.51882943841095,6.012205682227403,0,0,0.0,5.0,LOW,ALLOW,5.0,0.0
1,CASH_IN,22384.21,0,0,0.0,0,0.0,0.0,0.0,0,0,0,0.0,7526445.0,42211.0,336.2390133391317,1.885748848501263,0,0,0.00021100332771807755,0.01,LOW,ALLOW,0.0,0.02
1,CASH_IN,73210.99,0,0,0.0,1,34729.640625,0.0,2.108026195203395,0,1,0,34729.640625,7548829.0,79582.640625,103.1105954781594,1.087031308374863,0,0,0.006620151228952426,0.4,LOW,ALLOW,0.0,0.66
1,CASH_IN,236747.6,0,0,0.0,3,102573.06510416669,0.0,2.308087347390606,0,3,0,307719.1953125,7622040.0,390963.21875,32.19479395447921,1.6513925761917063,0,0,0.0,0.0,LOW,ALLOW,0.0,0.0
1,CASH_IN,6284.18,0,0,0.0,4,92838.341796875,0.0,0.0676894917999578,0,4,0,371353.3671875,7858787.5,328727.15625,1250.5668647578193,52.31026912896122,0,0,0.0,0.0,LOW,ALLOW,0.0,0.0
1,CASH_IN,100198.77,0,0,0.0,2,272589.4921875,0.0,0.3675812029048373,0,2,0,545178.984375,7865072.0,336837.78125,78.49469339967438,3.3616956544892838,0,0,0.0,0.0,LOW,ALLOW,0.0,0.0
1,CASH_IN,160347.31,0,0,0.0,4,280128.83203125,0.0,0.5724056011560864,0,4,0,1120515.328125,7965270.5,724867.25,49.675110706953696,4.520607415855504,0,0,0.0,0.0,LOW,ALLOW,0.0,0.0
1,CASH_IN,289272.75,0,0,0.0,3,111719.39322916669,0.0,2.589279637480875,0,3,0,335158.1796875,8125618.0,413976.59375,28.08981488923516,1.4310943348448826,0,0,0.0,0.0,LOW,ALLOW,0.0,0.0
1,CASH_IN,63189.26,0,0,0.0,0,0.0,0.0,0.0,0,0,0,0.0,8414891.0,101925.0,133.16963628177774,1.613011407755632,0,0,0.00021100332771807755,0.01,LOW,ALLOW,0.0,0.02
1,CASH_IN,196725.31,0,0,0.0,8,421807.59375,0.0,0.466386370029641,0,8,0,3374460.75,8478080.0,2248013.0,43.09603015626166,11.42716700475441,0,0,0.0,5.0,LOW,ALLOW,5.0,0.0
1,PAYMENT,5882.32,0,0,0.0,0,0.0,0.0,0.0,0,0,0,0.0,10252.0,0.0,1.7428498120402016,0.0,0,1,0.0,5.0,LOW,ALLOW,5.0,0.0
1,DEBIT,625.92,0,0,0.0,0,0.0,0.0,0.0,0,0,0,0.0,30165.0,1042.0,48.193061131793016,1.6647495342061436,0,0,0.012863927120692654,0.77,LOW,ALLOW,0.0,1.29
1,PAYMENT,5937.72,0,0,0.0,0,0.0,0.0,0.0,0,0,0,0.0,21779.0,0.0,3.667906066970707,0.0,0,1,0.0,5.0,LOW,ALLOW,5.0,0.0
1,PAYMENT,9796.29,0,0,0.0,0,0.0,0.0,0.0,0,0,0,0.0,274658.0,0.0,28.03694040343916,0.0,0,1,0.0,5.0,LOW,ALLOW,5.0,0.0
1,PAYMENT,13449.95,0,0,0.0,0,0.0,0.0,0.0,0,0,0,0.0,11080.0,0.0,0.8237948720331721,0.0,0,1,0.00618350222389134,20.37,LOW,ALLOW,20.0,0.62
1,PAYMENT,4749.6,0,0,0.0,0,0.0,0.0,0.0,0,0,0,0.0,8038.0,0.0,1.6923530054596496,0.0,0,1,0.0,5.0,LOW,ALLOW,5.0,0.0
1,PAYMENT,6460.86,0,0,0.0,0,0.0,0.0,0.0,0,0,0,0.0,31009.0,0.0,4.79951595548949,0.0,0,1,0.0,5.0,LOW,ALLOW,5.0,0.0
1,PAYMENT,3605.26,0,0,0.0,0,0.0,0.0,0.0,0,0,0,0.0,10120.0,0.0,2.80700975036136,0.0,0,1,0.0,5.0,LOW,ALLOW,5.0,0.0
1,PAYMENT,624.61,0,0,0.0,0,0.0,0.0,0.0,0,0,0,0.0,52594.0,0.0,84.20294461094375,0.0,0,1,0.0,5.0,LOW,ALLOW,5.0,0.0
1,PAYMENT,3854.92,0,0,0.0,0,0.0,0.0,0.0,0,0,0,0.0,9241.0,0.0,2.397196358752183,0.0,0,1,0.0,5.0,LOW,ALLOW,5.0,0.0
1,TRANSFER,420532.34,0,0,0.0,3,123329.486328125,0.0,3.4098280652134574,0,3,0,369988.458984375,5386.080078125,614566.0,0.0128077665325236,1.4614000781004135,0,0,0.0,17.0,LOW,ALLOW,17.0,0.0
1,PAYMENT,4402.86,0,0,0.0,0,0.0,0.0,0.0,0,0,0,0.0,4469.0,0.0,1.0150220853655467,0.0,0,1,0.0007062225073819703,5.04,LOW,ALLOW,5.0,0.07
1,CASH_OUT,147804.02,0,0,0.0,0,0.0,0.0,0.0,0,0,0,0.0,66.13999938964844,158919.0,0.0004474844550736,1.0752008281236438,0,0,0.00032724905379444383,18.02,LOW,ALLOW,18.0,0.03
1,PAYMENT,151.2,0,0,0.0,0,0.0,0.0,0.0,0,0,0,0.0,1904.0,0.0,12.59259284675624,0.0,0,1,0.0,5.0,LOW,ALLOW,5.0,0.0
1,PAYMENT,58.21,0,0,0.0,0,0.0,0.0,0.0,0,0,0,0.0,14506.0,0.0,249.2011721035988,0.0,0,1,0.0,5.0,LOW,ALLOW,5.0,0.0
1,PAYMENT,5936.82,0,0,0.0,0,0.0,0.0,0.0,0,0,0,0.0,741.0,0.0,0.1248142982168927,0.0,0,1,0.00618350222389134,20.37,LOW,ALLOW,20.0,0.62
1,CASH_OUT,145944.67,0,0,0.0,0,0.0,0.0,0.0,0,0,0,0.0,24376.0,222.0,0.1670221988020074,0.0015211243901397,0,0,0.04098467814454573,20.46,LOW,ALLOW,18.0,4.1
1,TRANSFER,7206.33,0,0,0.0,0,0.0,0.0,0.0,0,0,0,0.0,24932.0,21308.0,3.459736055621672,2.956844852927426,0,0,0.03211191667438457,3.93,LOW,ALLOW,2.0,3.21
1,DEBIT,5581.55,0,0,0.0,2,26747.314453125,0.0,0.2086770174429749,0,2,0,53494.62890625,530.0,55058.5703125,0.0949557055918223,9.864387533774345,0,0,0.0066189928936126905,15.4,LOW,ALLOW,15.0,0.66
1,DEBIT,5853.21,0,0,0.0,0,0.0,0.0,0.0,0,0,0,0.0,5039.0,20018.0,0.8608951385015601,3.4200037472760925,0,0,0.006146214059103231,15.37,LOW,ALLOW,15.0,0.61
1,PAYMENT,2528.1,0,0,0.0,0,0.0,0.0,0.0,0,0,0,0.0,5037.0,0.0,1.9924052867486144,0.0,0,1,0.0,5.0,LOW,ALLOW,5.0,0.0
1,PAYMENT,5655.17,0,0,0.0,0,0.0,0.0,0.0,0,0,0,0.0,9522.0,0.0,1.6837690346257417,0.0,0,1,0.0,5.0,LOW,ALLOW,5.0,0.0
1,PAYMENT,1456.09,0,0,0.0,0,0.0,0.0,0.0,0,0,0,0.0,101018.0,0.0,69.3762077696139,0.0,0,1,0.0,5.0,LOW,ALLOW,5.0,0.0
1,PAYMENT,4252.82,0,0,0.0,0,0.0,0.0,0.0,0,0,0,0.0,5545.0,0.0,1.3038407995614123,0.0,0,1,0.0,5.0,LOW,ALLOW,5.0,0.0
1,TRANSFER,276460.62,0,0,0.0,6,170644.166015625,0.0,1.6201000682009017,0,6,0,1023864.99609375,595.0,1105242.25,0.0021522052190976,3.9978288047348514,0,0,0.0,17.0,LOW,ALLOW,17.0,0.0
1,PAYMENT,8811.67,0,0,0.0,0,0.0,0.0,0.0,0,0,0,0.0,30848.0,0.0,3.5008120224090256,0.0,0,1,0.0,5.0,LOW,ALLOW,5.0,0.0
1,PAYMENT,12666.68,0,0,0.0,0,0.0,0.0,0.0,0,0,0,0.0,891.0,0.0,0.0703420329543246,0.0,0,1,0.00618350222389134,20.37,LOW,ALLOW,20.0,0.62
1,CASH_OUT,95636.49,0,0,0.0,3,68178.5625,0.0,1.40273553270502,0,3,0,204535.6875,0.0,359141.6875,0.0,3.75527875694024,1,0,0.0,11.0,LOW,ALLOW,11.0,0.0
1,CASH_OUT,195314.34,0,0,0.0,4,189580.5703125,0.0,1.0302445204592885,0,4,0,758322.28125,0.0,491226.46875,0.0,2.515055777873457,1,0,9.906724811910417e-05,11.01,LOW,ALLOW,11.0,0.01
1,PAYMENT,6049.09,0,0,0.0,0,0.0,0.0,0.0,0,0,0,0.0,1.0,0.0,0.0001653141258983,0.0,0,1,0.00618350222389134,20.37,LOW,ALLOW,20.0,0.62
1,PAYMENT,14306.8,0,0,0.0,0,0.0,0.0,0.0,0,0,0,0.0,0.0,0.0,0.0,0.0,1,1,8.645922160006689e-05,13.01,LOW,ALLOW,13.0,0.01
1,PAYMENT,1117.34,0,0,0.0,0,0.0,0.0,0.0,0,0,0,0.0,35611.0,0.0,31.871230860211494,0.0,0,1,0.0,5.0,LOW,ALLOW,5.0,0.0
1,DEBIT,3179.7,0,0,0.0,0,0.0,0.0,0.0,0,0,0,0.0,124703.8515625,20767.0,39.21874814525834,6.531119388276351,0,0,0.00021100332771807755,0.01,LOW,ALLOW,0.0,0.02
1,PAYMENT,2880.68,0,0,0.0,0,0.0,0.0,0.0,0,0,0,0.0,121524.140625,0.0,42.18592259772113,0.0,0,1,0.0,5.0,LOW,ALLOW,5.0,0.0
1,PAYMENT,3060.54,0,0,0.0,0,0.0,0.0,0.0,0,0,0,0.0,118643.4609375,0.0,38.76553138440322,0.0,0,1,0.0,5.0,LOW,ALLOW,5.0,0.0
1,PAYMENT,879.42,0,0,0.0,0,0.0,0.0,0.0,0,0,0,0.0,115582.921875,0.0,131.43085683874918,0.0,0,1,0.0,5.0,LOW,ALLOW,5.0,0.0
1,PAYMENT,3486.78,0,0,0.0,0,0.0,0.0,0.0,0,0,0,0.0,114703.5,0.0,32.89668377019197,0.0,0,1,0.0,5.0,LOW,ALLOW,5.0,0.0
1,PAYMENT,21530.96,0,0,0.0,0,0.0,0.0,0.0,0,0,0,0.0,111216.71875,0.0,5.165432191941619,0.0,0,1,0.0,5.0,LOW,ALLOW,5.0,0.0
1,PAYMENT,2426.31,0,0,0.0,0,0.0,0.0,0.0,0,0,0,0.0,89685.7734375,0.0,36.96385510163545,0.0,0,1,0.0,5.0,LOW,ALLOW,5.0,0.0
1,PAYMENT,5110.1,0,0,0.0,0,0.0,0.0,0.0,0,0,0,0.0,87259.4609375,0.0,17.075880955349895,0.0,0,1,0.0,5.0,LOW,ALLOW,5.0,0.0
1,PAYMENT,207.75,0,0,0.0,0,0.0,0.0,0.0,0,0,0,0.0,82149.3515625,0.0,395.4240749097473,0.0,0,1,0.0,5.0,LOW,ALLOW,5.0,0.0
1,PAYMENT,18437.04,0,0,0.0,0,0.0,0.0,0.0,0,0,0,0.0,81941.6015625,0.0,4.444401364271395,0.0,0,1,0.0,5.0,LOW,ALLOW,5.0,0.0
1,PAYMENT,8690.69,0,0,0.0,0,0.0,0.0,0.0,0,0,0,0.0,63504.55078125,0.0,7.307192828353166,0.0,0,1,0.0,5.0,LOW,ALLOW,5.0,0.0
1,PAYMENT,4946.03,0,0,0.0,0,0.0,0.0,0.0,0,0,0,0.0,54813.859375,0.0,11.08239573071402,0.0,0,1,0.0,5.0,LOW,ALLOW,5.0,0.0
1,PAYMENT,5432.09,0,0,0.0,0,0.0,0.0,0.0,0,0,0,0.0,49867.828125,0.0,9.180228891533602,0.0,0,1,0.0,5.0,LOW,ALLOW,5.0,0.0
1,PAYMENT,7649.41,0,0,0.0,0,0.0,0.0,0.0,0,0,0,0.0,44435.75,0.0,5.809042670263077,0.0,0,1,0.0,5.0,LOW,ALLOW,5.0,0.0
1,PAYMENT,3943.17,0,0,0.0,0,0.0,0.0,0.0,0,0,0,0.0,36786.33984375,0.0,9.32912873971657,0.0,0,1,0.0,5.0,LOW,ALLOW,5.0,0.0
1,PAYMENT,3101.33,0,0,0.0,0,0.0,0.0,0.0,0,0,0,0.0,32843.16015625,0.0,10.590024063516095,0.0,0,1,0.0,5.0,LOW,ALLOW,5.0,0.0
1,TRANSFER,51719.13,0,0,0.0,0,0.0,0.0,0.0,0,0,0,0.0,882.0,59670.0,0.0170536514951514,1.153731728702592,0,0,0.00655179925526127,17.39,LOW,ALLOW,17.0,0.66
1,PAYMENT,13465.91,0,0,0.0,0,0.0,0.0,0.0,0,0,0,0.0,0.0,0.0,0.0,0.0,1,1,8.645922160006689e-05,13.01,LOW,ALLOW,13.0,0.01
1,PAYMENT,19561.05,0,0,0.0,0,0.0,0.0,0.0,0,0,0,0.0,0.0,0.0,0.0,0.0,1,1,8.645922160006689e-05,13.01,LOW,ALLOW,13.0,0.01
1,PAYMENT,9762.28,0,0,0.0,0,0.0,0.0,0.0,0,0,0,0.0,129.0,0.0,0.0132141258380995,0.0,0,1,0.00618350222389134,20.37,LOW,ALLOW,20.0,0.62
1,PAYMENT,9778.81,0,0,0.0,0,0.0,0.0,0.0,0,0,0,0.0,18824.0,0.0,1.9249786862756595,0.0,0,1,0.0,5.0,LOW,ALLOW,5.0,0.0
1,CASH_OUT,562903.8,0,0,0.0,5,256172.528125,0.0,2.197362131763519,0,5,0,1280862.640625,9045.1904296875,564519.875,0.0160688029265879,1.002870938984802,0,0,0.006572550798004968,18.39,LOW,ALLOW,18.0,0.66
1,PAYMENT,5055.94,0,0,0.0,0,0.0,0.0,0.0,0,0,0,0.0,30295.0,0.0,5.9919619993693605,0.0,0,1,0.0,5.0,LOW,ALLOW,5.0,0.0
1,PAYMENT,2858.89,0,0,0.0,0,0.0,0.0,0.0,0,0,0,0.0,21820.0,0.0,7.632333115257857,0.0,0,1,0.0,5.0,LOW,ALLOW,5.0,0.0
1,PAYMENT,8531.42,0,0,0.0,0,0.0,0.0,0.0,0,0,0,0.0,18961.109375,0.0,2.222503352153929,0.0,0,1,0.0,5.0,LOW,ALLOW,5.0,0.0
1,PAYMENT,84.22,0,0,0.0,0,0.0,0.0,0.0,0,0,0,0.0,25828.0,0.0,306.6729948425946,0.0,0,1,0.0,5.0,LOW,ALLOW,5.0,0.0
1,CASH_OUT,227478.02,0,0,0.0,17,982418.2624080882,0.0,0.2315490502664409,0,10,0,11552642.96875,25743.779296875,16428781.0,0.1131704056154327,72.22140106533647,0,0,0.0035918932033822903,23.22,LOW,ALLOW,23.0,0.36
1,PAYMENT,5033.02,0,0,0.0,0,0.0,0.0,0.0,0,0,0,0.0,23946.69921875,0.0,4.757918531184439,0.0,0,1,0.0,5.0,LOW,ALLOW,5.0,0.0
1,TRANSFER,100588.8,0,0,0.0,0,0.0,0.0,0.0,0,0,0,0.0,18913.6796875,105223.0,0.1880296839717022,1.0460707680076822,0,0,0.012691312362782715,17.76,LOW,ALLOW,17.0,1.27
1,PAYMENT,9374.72,0,0,0.0,0,0.0,0.0,0.0,0,0,0,0.0,21064.0,0.0,2.246893839430408,0.0,0,1,0.0,5.0,LOW,ALLOW,5.0,0.0
1,PAYMENT,598.24,0,0,0.0,0,0.0,0.0,0.0,0,0,0,0.0,102631.0,0.0,171.5548971572292,0.0,0,1,0.0,5.0,LOW,ALLOW,5.0,0.0
1,PAYMENT,4531.55,0,0,0.0,0,0.0,0.0,0.0,0,0,0,0.0,20125.0,0.0,4.441085471284551,0.0,0,1,0.0,5.0,LOW,ALLOW,5.0,0.0
1,PAYMENT,2998.2,0,0,0.0,0,0.0,0.0,0.0,0,0,0,0.0,15593.4501953125,0.0,5.200937378848816,0.0,0,1,0.0,5.0,LOW,ALLOW,5.0,0.0
1,PAYMENT,9269.99,0,0,0.0,0,0.0,0.0,0.0,0,0,0,0.0,12595.25,0.0,1.3587123267179142,0.0,0,1,0.0,5.0,LOW,ALLOW,5.0,0.0
1,PAYMENT,1209.64,0,0,0.0,0,0.0,0.0,0.0,0,0,0,0.0,3325.260009765625,0.0,2.748966609485102,0.0,0,1,0.0,5.0,LOW,ALLOW,5.0,0.0
1,PAYMENT,1298.7,0,0,0.0,0,0.0,0.0,0.0,0,0,0,0.0,2115.610107421875,0.0,1.629021472983706,0.0,0,1,0.0,5.0,LOW,ALLOW,5.0,0.0
1,PAYMENT,7797.0,0,0,0.0,0,0.0,0.0,0.0,0,0,0,0.0,816.9099731445312,0.0,0.1047723448947712,0.0,0,1,0.00618350222389134,20.37,LOW,ALLOW,20.0,0.62
1,PAYMENT,5831.03,0,0,0.0,0,0.0,0.0,0.0,0,0,0,0.0,0.0,0.0,0.0,0.0,1,1,8.645922160006689e-05,13.01,LOW,ALLOW,13.0,0.01
1,PAYMENT,7067.9,0,0,0.0,0,0.0,0.0,0.0,0,0,0,0.0,0.0,0.0,0.0,0.0,1,1,8.645922160006689e-05,13.01,LOW,ALLOW,13.0,0.01
1,PAYMENT,14895.51,0,0,0.0,0,0.0,0.0,0.0,0,0,0,0.0,0.0,0.0,0.0,0.0,1,1,8.645922160006689e-05,13.01,LOW,ALLOW,13.0,0.01
1,PAYMENT,3316.21,0,0,0.0,0,0.0,0.0,0.0,0,0,0,0.0,0.0,0.0,0.0,0.0,1,1,8.645922160006689e-05,13.01,LOW,ALLOW,13.0,0.01
1,PAYMENT,22276.0,0,0,0.0,0,0.0,0.0,0.0,0,0,0,0.0,0.0,0.0,0.0,0.0,1,1,8.645922160006689e-05,13.01,LOW,ALLOW,13.0,0.01
1,PAYMENT,16505.51,0,0,0.0,0,0.0,0.0,0.0,0,0,0,0.0,0.0,0.0,0.0,0.0,1,1,8.645922160006689e-05,13.01,LOW,ALLOW,13.0,0.01
1,PAYMENT,636.95,0,0,0.0,0,0.0,0.0,0.0,0,0,0,0.0,0.0,0.0,0.0,0.0,1,1,8.645922160006689e-05,13.01,LOW,ALLOW,13.0,0.01
1,PAYMENT,2056.59,0,0,0.0,0,0.0,0.0,0.0,0,0,0,0.0,0.0,0.0,0.0,0.0,1,1,8.645922160006689e-05,13.01,LOW,ALLOW,13.0,0.01
1,PAYMENT,704.74,0,0,0.0,0,0.0,0.0,0.0,0,0,0,0.0,0.0,0.0,0.0,0.0,1,1,8.645922160006689e-05,13.01,LOW,ALLOW,13.0,0.01
1,PAYMENT,3222.32,0,0,0.0,0,0.0,0.0,0.0,0,0,0,0.0,0.0,0.0,0.0,0.0,1,1,8.645922160006689e-05,13.01,LOW,ALLOW,13.0,0.01
1,PAYMENT,11889.61,0,0,0.0,0,0.0,0.0,0.0,0,0,0,0.0,0.0,0.0,0.0,0.0,1,1,8.645922160006689e-05,13.01,LOW,ALLOW,13.0,0.01
1,PAYMENT,9491.89,0,0,0.0,0,0.0,0.0,0.0,0,0,0,0.0,0.0,0.0,0.0,0.0,1,1,8.645922160006689e-05,13.01,LOW,ALLOW,13.0,0.01
1,PAYMENT,6131.21,0,0,0.0,0,0.0,0.0,0.0,0,0,0,0.0,0.0,0.0,0.0,0.0,1,1,8.645922160006689e-05,13.01,LOW,ALLOW,13.0,0.01
1,PAYMENT,11938.61,0,0,0.0,0,0.0,0.0,0.0,0,0,0,0.0,0.0,0.0,0.0,0.0,1,1,8.645922160006689e-05,13.01,LOW,ALLOW,13.0,0.01
1,PAYMENT,4233.45,0,0,0.0,0,0.0,0.0,0.0,0,0,0,0.0,0.0,0.0,0.0,0.0,1,1,8.645922160006689e-05,13.01,LOW,ALLOW,13.0,0.01
1,PAYMENT,32643.79,0,0,0.0,0,0.0,0.0,0.0,0,0,0,0.0,0.0,0.0,0.0,0.0,1,1,0.0,13.0,LOW,ALLOW,13.0,0.0
1,PAYMENT,622.15,0,0,0.0,0,0.0,0.0,0.0,0,0,0,0.0,14112.7998046875,0.0,22.6839174650501,0.0,0,1,0.0,5.0,LOW,ALLOW,5.0,0.0
1,PAYMENT,4573.12,0,0,0.0,0,0.0,0.0,0.0,0,0,0,0.0,13490.650390625,0.0,2.9499882016923364,0.0,0,1,0.0,5.0,LOW,ALLOW,5.0,0.0
1,PAYMENT,6057.8,0,0,0.0,0,0.0,0.0,0.0,0,0,0,0.0,6996.10009765625,0.0,1.1548912679885357,0.0,0,1,0.0,5.0,LOW,ALLOW,5.0,0.0
1,PAYMENT,5770.32,0,0,0.0,0,0.0,0.0,0.0,0,0,0,0.0,938.2999877929688,0.0,0.1626079691206728,0.0,0,1,0.00618350222389134,20.37,LOW,ALLOW,20.0,0.62
1,PAYMENT,9152.97,0,0,0.0,0,0.0,0.0,0.0,0,0,0,0.0,0.0,0.0,0.0,0.0,1,1,8.645922160006689e-05,13.01,LOW,ALLOW,13.0,0.01
1,DEBIT,12154.7,0,0,0.0,9,396798.4513888889,0.0,0.0306319244764392,0,9,0,3571186.0625,39699.0,2051287.625,3.266143908289079,168.76497091973405,0,0,0.0,5.0,LOW,ALLOW,5.0,0.0
1,PAYMENT,8378.01,0,0,0.0,0,0.0,0.0,0.0,0,0,0,0.0,80899.4375,0.0,9.656164144368828,0.0,0,1,0.0,5.0,LOW,ALLOW,5.0,0.0
1,PAYMENT,9616.45,0,0,0.0,0,0.0,0.0,0.0,0,0,0,0.0,72521.4296875,0.0,7.54139294797682,0.0,0,1,0.0,5.0,LOW,ALLOW,5.0,0.0
1,PAYMENT,2231.28,0,0,0.0,0,0.0,0.0,0.0,0,0,0,0.0,12998.0,0.0,5.825355773069844,0.0,0,1,0.0,5.0,LOW,ALLOW,5.0,0.0
1,PAYMENT,4932.54,0,0,0.0,0,0.0,0.0,0.0,0,0,0,0.0,136555.0,0.0,27.684519318357975,0.0,0,1,0.0,5.0,LOW,ALLOW,5.0,0.0
1,CASH_IN,65413.89,0,0,0.0,0,0.0,0.0,0.0,0,0,0,0.0,131622.453125,144605.0,2.012148365850239,2.2106161033744507,0,0,0.006758657162444122,0.41,LOW,ALLOW,0.0,0.68
1,CASH_IN,98560.08,0,0,0.0,1,80311.890625,0.0,1.227216510008539,0,1,0,80311.890625,197036.34375,167719.890625,1.9991496303412652,1.7017020868458246,0,0,0.0,0.0,LOW,ALLOW,0.0,0.0
1,CASH_IN,15054.61,0,0,0.0,0,0.0,0.0,0.0,0,0,0,0.0,295596.4375,33340.0,19.63494441882519,2.214603979872497,0,0,0.00021100332771807755,0.01,LOW,ALLOW,0.0,0.02
1,CASH_IN,161632.16,0,0,0.0,15,335746.38229166664,0.0,0.481411460480275,0,10,0,4038051.9375,310651.03125,1044238.875,1.9219630453330665,6.460588655297358,0,0,0.0,5.0,LOW,ALLOW,5.0,0.0
1,CASH_IN,47529.19,0,0,0.0,6,361316.2682291667,0.0,0.1315445652065253,0,6,0,2167897.609375,472283.1875,856049.625,9.9366972912124,18.01102858416041,0,0,0.0,0.0,LOW,ALLOW,0.0,0.0
1,CASH_IN,9577.45,0,0,0.0,0,0.0,0.0,0.0,0,0,0,0.0,519812.375,32204.0,54.27461008927118,3.362481594084575,0,0,0.00021100332771807755,0.01,LOW,ALLOW,0.0,0.02
1,CASH_IN,414238.6,0,0,0.0,7,316489.54296875,0.0,1.3088539667514438,0,7,0,2215426.80078125,529389.875,808520.4375,1.2779829861036458,1.9518230548743989,0,0,0.0,0.0,LOW,ALLOW,0.0,0.0
1,CASH_IN,89327.65,0,0,0.0,10,358334.0762695313,0.0,0.2492859439086938,0,10,0,3583340.7626953125,943628.4375,2063442.25,10.56367713698665,23.0997041352066,0,0,0.0,5.0,LOW,ALLOW,5.0,0.0
1,CASH_IN,194900.16,0,0,0.0,0,0.0,0.0,0.0,0,0,0,0.0,1032956.0625,8633996.0,5.2999242400556055,44.29958480343701,0,0,0.00021100332771807755,0.01,LOW,ALLOW,0.0,0.02
1,CASH_IN,24470.43,0,0,0.0,7,185760.80301339287,0.0,0.1317308565130166,0,7,0,1300325.62109375,1227856.25,1381702.875,50.1771430122134,56.464185249096886,0,0,0.0,0.0,LOW,ALLOW,0.0,0.0
1,CASH_IN,217668.38,0,0,0.0,3,71667.087890625,0.0,3.03721528816959,0,3,0,215001.263671875,1252326.625,347373.25,5.753369661532136,1.5958829572738804,0,0,0.0,0.0,LOW,ALLOW,0.0,0.0
1,CASH_IN,9067.51,0,0,0.0,1,147804.015625,0.0,0.0613481963076738,0,1,0,147804.015625,1469995.0,306723.03125,162.11672642170868,33.826600596868325,0,0,0.0,0.0,LOW,ALLOW,0.0,0.0
1,CASH_IN,336827.9,0,0,0.0,3,132136.91015625,0.0,2.5490826586735365,0,3,0,396410.73046875,1479062.625,401493.71875,4.391152269616912,1.1919847236529262,0,0,0.0,0.0,LOW,ALLOW,0.0,0.0
1,CASH_IN,45317.95,0,0,0.0,1,47458.859375,0.0,0.9548891358864438,0,1,0,47458.859375,1815890.5,99578.859375,40.07000606392593,2.1973381649362,0,0,0.0,0.0,LOW,ALLOW,0.0,0.0
1,CASH_IN,230021.02,0,0,0.0,7,596278.7064732143,0.0,0.3857609086621524,0,7,0,4173950.9453125,1861208.375,4777231.0,8.091470989912946,20.768671884260577,0,0,0.0,0.0,LOW,ALLOW,0.0,0.0
1,CASH_IN,154578.28,0,0,0.0,10,264786.34609375,0.0,0.5837849403128595,0,10,0,2647863.4609375,2091229.5,1033003.875,13.528611413513175,6.682723256117198,0,0,0.0,5.0,LOW,ALLOW,5.0,0.0
1,CASH_IN,314134.0,0,0,0.0,6,154780.1728108724,0.0,2.02954935567777,0,6,0,928681.0368652344,2245807.75,570802.4375,7.149203047107285,1.8170667215264824,0,0,0.0,0.0,LOW,ALLOW,0.0,0.0
1,CASH_IN,206405.92,0,0,0.0,5,260927.8125,0.0,0.7910460747644523,0,5,0,1304639.0625,2559941.75,1221423.75,12.402462713983118,5.9175809439212586,0,0,0.0,0.0,LOW,ALLOW,0.0,0.0
1,CASH_IN,158995.3,0,0,0.0,1,110226.34375,0.0,1.4424437159560597,0,1,0,110226.34375,2766347.75,8674805.0,17.398928171912317,54.5601358687988,0,0,0.0,0.0,LOW,ALLOW,0.0,0.0
1,CASH_IN,188238.55,0,0,0.0,7,290756.9609375,0.0,0.6474085651055592,0,7,0,2035298.7265625,2925343.0,702449.1875,15.540616141403689,3.731696823852248,0,0,0.0,0.0,LOW,ALLOW,0.0,0.0
1,CASH_IN,21255.8,0,0,0.0,0,0.0,0.0,0.0,0,0,0,0.0,3113581.5,52109.0,146.4814961357056,2.451519024678006,0,0,0.00021100332771807755,0.01,LOW,ALLOW,0.0,0.02
1,CASH_IN,205955.77,0,0,0.0,4,174957.103515625,0.0,1.177178642572844,0,4,0,699828.4140625,3134837.25,465695.90625,15.220924942241464,2.2611452747476344,0,0,0.0,0.0,LOW,ALLOW,0.0,0.0
1,CASH_IN,178370.36,0,0,0.0,18,940477.1375868056,0.0,0.1896594316292314,0,10,0,11735677.90625,3340793.0,16656259.0,18.729530016679657,93.38019533269215,0,0,0.0,5.0,LOW,ALLOW,5.0,0.0
1,CASH_IN,42547.96,0,0,0.0,0,0.0,0.0,0.0,0,0,0,0.0,3519163.5,59693.0,82.71050885774308,1.4029579487413009,0,0,0.00021100332771807755,0.01,LOW,ALLOW,0.0,0.02
1,CASH_IN,15152.15,0,0,0.0,1,194900.15625,0.0,0.0777431413199546,0,1,0,194900.15625,3561711.25,8439096.0,235.06308729642203,556.9569851432752,0,0,0.006523539346964274,0.39,LOW,ALLOW,0.0,0.65
1,CASH_IN,39249.67,0,0,0.0,3,17096.989908854168,0.0,2.295706559122049,0,3,0,51290.9697265625,3576863.5,64966.23046875,91.13104209867996,1.6552044224892009,0,0,0.0,0.0,LOW,ALLOW,0.0,0.0
1,CASH_IN,101669.17,0,0,0.0,1,522264.8125,0.0,0.19466977181236,0,1,0,522264.8125,3616113.25,533625.8125,35.567450617635906,5.248649149577821,0,0,0.0,0.0,LOW,ALLOW,0.0,0.0
1,CASH_IN,81694.11,0,0,0.0,5,190727.325,0.0,0.4283293407224161,0,5,0,953636.625,3717782.25,686540.8125,45.50857189634427,8.403798238971866,0,0,0.0,0.0,LOW,ALLOW,0.0,0.0
1,CASH_IN,10266.7,0,0,0.0,0,0.0,0.0,0.0,0,0,0,0.0,3799476.5,104323.0,370.0776712789119,10.161297984295976,0,0,0.00021100332771807755,0.01,LOW,ALLOW,0.0,0.02
1,CASH_IN,35502.25,0,0,0.0,0,0.0,0.0,0.0,0,0,0,0.0,3809743.25,41159.0,107.3099099352858,1.159334971727144,0,0,0.00021100332771807755,0.01,LOW,ALLOW,0.0,0.02
1,CASH_IN,183250.0,0,0,0.0,4,148017.986328125,0.0,1.2380252194065997,0,4,0,592071.9453125,3845245.5,231999.546875,20.98360436562073,1.2660275409276944,0,0,0.0,0.0,LOW,ALLOW,0.0,0.0
1,CASH_IN,219220.2,0,0,0.0,11,333878.9464666193,0.0,0.6565858837311184,0,10,0,2993166.1611328125,4028495.5,1974114.625,18.37647918655992,9.005167392689414,0,0,0.0,5.0,LOW,ALLOW,5.0,0.0
1,CASH_IN,254895.5,0,0,0.0,7,177545.00526646205,0.0,1.435666971410709,0,7,0,1242815.0368652344,4247715.5,256668.40625,16.664537035765637,1.0069554238893978,0,0,0.0,0.0,LOW,ALLOW,0.0,0.0
1,CASH_IN,143148.97,0,0,0.0,8,550496.4951171875,0.0,0.2600361128902864,0,8,0,4403971.9609375,4502611.0,4547210.0,31.45402331094334,31.76557986904813,0,0,0.0,5.0,LOW,ALLOW,5.0,0.0
1,CASH_IN,132457.52,0,0,0.0,2,105026.1533203125,0.0,1.2611860135544175,0,2,0,210052.306640625,4645760.0,8423943.0,35.073585504597524,63.597319942561775,0,0,0.0,0.0,LOW,ALLOW,0.0,0.0
1,CASH_IN,148834.28,0,0,0.0,8,277942.1591796875,0.0,0.5354865260069444,0,8,0,2223537.2734375,4778217.5,514210.6875,32.10428041086804,3.454921024789106,0,0,0.0,5.0,LOW,ALLOW,5.0,0.0
1,CASH_IN,106727.81,0,0,0.0,4,753911.983581543,0.0,0.1415653482426126,0,4,0,3015647.934326172,4927052.0,2730834.25,46.164648975636034,25.58690360115832,0,0,0.0,0.0,LOW,ALLOW,0.0,0.0
1,CASH_IN,223123.7,0,0,0.0,8,328708.17431640625,0.0,0.6787896394393488,0,8,0,2629665.39453125,5033779.5,394281.875,22.56048743140454,1.767099906813184,0,0,0.0,5.0,LOW,ALLOW,5.0,0.0
1,CASH_IN,194311.34,0,0,0.0,6,307294.4088541667,0.0,0.6323295776013117,0,6,0,1843766.453125,5256903.5,1127423.75,27.05402267591493,5.802150961657379,0,0,0.0,0.0,LOW,ALLOW,0.0,0.0
1,CASH_IN,338964.9,0,0,0.0,9,263596.83940972225,0.0,1.285921739460348,0,9,0,2372371.5546875,5451215.0,365376.375,16.08194506123744,1.077918003495384,0,0,0.0,5.0,LOW,ALLOW,5.0,0.0
1,CASH_IN,247575.4,0,0,0.0,3,114169.94075520831,0.0,2.1684815163461124,0,3,0,342509.822265625,5790179.5,8291486.0,23.387539124759087,33.49074985108704,0,0,0.0,0.0,LOW,ALLOW,0.0,0.0
1,CASH_IN,29467.02,0,0,0.0,5,75527.50947265625,0.0,0.3901494930389323,0,5,0,377637.5473632813,6037755.0,322442.96875,204.89873411177248,10.942503649140583,0,0,0.0,0.0,LOW,ALLOW,0.0,0.0
1,CASH_IN,90340.16,0,0,0.0,19,900366.2545230263,0.0,0.1003371192513852,0,10,0,11693356.84375,6067222.0,16477889.0,67.15974658279384,182.39827872779443,0,0,0.0,5.0,LOW,ALLOW,5.0,0.0
1,CASH_IN,198847.31,0,0,0.0,4,197428.59375,0.0,1.0071859841730753,0,4,0,789714.375,6157562.0,964679.25,30.96628223225295,4.851356741369084,0,0,0.0,0.0,LOW,ALLOW,0.0,0.0
1,CASH_IN,155075.4,0,0,0.0,4,197630.20068359372,0.0,0.7846746383579095,0,4,0,790520.802734375,6356409.5,1035098.375,40.98915265617755,6.67480679258256,0,0,0.0,0.0,LOW,ALLOW,0.0,0.0
1,CASH_IN,76932.89,0,0,0.0,5,197712.3375,0.0,0.3891152752417385,0,5,0,988561.6875,6511485.0,765831.9375,84.63850697797695,9.954545205287484,0,0,0.0,0.0,LOW,ALLOW,0.0,0.0
1,CASH_IN,92971.79,0,0,0.0,1,10782.9404296875,0.0,8.622118397921485,0,1,0,10782.9404296875,6588418.0,111367.9375,70.86470064129837,1.197868069690831,0,0,0.0,10.0,LOW,ALLOW,10.0,0.0
1,CASH_IN,7322.98,0,0,0.0,0,0.0,0.0,0.0,0,0,0,0.0,6681389.5,64966.0,912.3866947363032,8.871525003928998,0,0,0.00021100332771807755,0.01,LOW,ALLOW,0.0,0.02
1,CASH_IN,222126.95,0,0,0.0,4,384167.33203125,0.0,0.5782036487863865,0,4,0,1536669.328125,6688712.5,1397610.625,30.11211564332756,6.2919452382417855,0,0,0.0,0.0,LOW,ALLOW,0.0,0.0
1,CASH_IN,62983.91,0,0,0.0,4,75043.044921875,0.0,0.8393037652166248,0,4,0,300172.1796875,6910839.5,454778.1875,109.72388793988246,7.220545475372834,0,0,0.0,0.0,LOW,ALLOW,0.0,0.0
1,CASH_IN,1271.77,0,0,0.0,3,230396.5703125,0.0,0.0055199173225811,0,3,0,691189.7109375,6973823.5,697456.75,5483.557084142003,548.4142095573767,0,0,0.0,0.0,LOW,ALLOW,0.0,0.0
1,CASH_IN,246816.66,0,0,0.0,7,291153.97098214284,0.0,0.8477186672653619,0,7,0,2038077.796875,6975095.5,933112.375,28.26023010754567,3.780589159488704,0,0,0.0,0.0,LOW,ALLOW,0.0,0.0
1,CASH_IN,21898.97,0,0,0.0,6,272447.7928873698,0.0,0.0803785946329103,0,6,0,1634686.7573242188,7221912.0,1114670.75,329.78317099485537,50.900600083497785,0,0,0.0,0.0,LOW,ALLOW,0.0,0.0
1,CASH_IN,30811.56,0,0,0.0,0,0.0,0.0,0.0,0,0,0,0.0,7243811.0,152178.0,235.1004256658688,4.938990343202021,0,0,0.00021100332771807755,0.01,LOW,ALLOW,0.0,0.02
1,CASH_IN,100275.09,0,0,0.0,11,254767.43110795456,0.0,0.3935946337956741,0,10,0,2471684.7109375,7274622.5,878425.5625,72.54665368986504,8.760156980656026,0,0,0.0,5.0,LOW,ALLOW,5.0,0.0
1,CASH_IN,46630.53,0,0,0.0,6,172555.12239583334,0.0,0.2702355664819486,0,6,0,1035330.734375,7374897.5,604846.6875,158.1559828358164,12.971044319809245,0,0,0.0,0.0,LOW,ALLOW,0.0,0.0
1,CASH_IN,158775.58,0,0,0.0,6,177582.4296875,0.0,0.8940950881481051,0,6,0,1065494.578125,7421528.0,688899.0625,46.74225146991572,4.338822573567625,0,0,0.0,0.0,LOW,ALLOW,0.0,0.0
1,CASH_IN,90556.08,0,0,0.0,1,81029.859375,0.0,1.1175643006599998,0,1,0,81029.859375,7580303.5,186372.859375,83.7083899496669,2.058093318901668,0,0,0.0,0.0,LOW,ALLOW,0.0,0.0
1,CASH_IN,173948.89,0,0,0.0,5,72631.21796875,0.0,2.3949603970546454,0,5,0,363156.08984375,7670859.5,391794.28125,44.09835252434511,2.252352859752537,0,0,0.0,0.0,LOW,ALLOW,0.0,0.0
1,CASH_IN,66216.71,0,0,0.0,1,50101.87890625,0.0,1.3216412714062853,0,1,0,50101.87890625,7844808.5,117785.8828125,118.47173302528546,1.7787939199165996,0,0,0.0,0.0,LOW,ALLOW,0.0,0.0
1,CASH_IN,216133.98,0,0,0.0,7,236655.10400390625,0.0,0.9132868073339016,0,7,0,1656585.7280273438,7911025.5,1092771.75,36.60241365038686,5.05599225017757,0,0,0.0,0.0,LOW,ALLOW,0.0,0.0
1,CASH_IN,371883.8,0,0,0.0,5,189119.241796875,0.0,1.9663986010446504,0,5,0,945596.208984375,8127159.5,880022.9375,21.854028669236577,2.366392157765673,0,0,0.0,0.0,LOW,ALLOW,0.0,0.0
1,CASH_IN,770537.4,0,0,0.0,0,0.0,0.0,0.0,0,0,0,0.0,8499043.0,8499043.0,11.030020445147128,11.030020445147128,0,0,0.006854180876472112,0.41,LOW,ALLOW,0.0,0.69
1,CASH_IN,71275.47,0,0,0.0,2,62022.32437133789,0.0,1.1491905450570026,0,2,0,124044.64874267578,8499043.0,136084.65625,119.24219018201828,1.9092776047158584,0,0,0.0,0.0,LOW,ALLOW,0.0,0.0
1,CASH_IN,336298.78,0,0,0.0,4,227670.0546875,0.0,1.4771322548835149,0,4,0,910680.21875,8570319.0,1049811.5,25.48424043686599,3.1216631118849767,0,0,0.0,0.0,LOW,ALLOW,0.0,0.0
1,CASH_IN,317393.38,0,0,0.0,5,351759.25625,0.0,0.9023028374111194,0,5,0,1758796.28125,8906617.0,1175483.625,28.061760898443453,3.703554382633223,0,0,0.0,0.0,LOW,ALLOW,0.0,0.0
1,CASH_IN,181002.02,0,0,0.0,6,67850.76114908855,0.0,2.667649007315984,0,6,0,407104.5668945313,9224011.0,292975.96875,50.960819238114496,1.6186337358639566,0,0,0.0,0.0,LOW,ALLOW,0.0,0.0
1,CASH_IN,311449.38,0,0,0.0,5,249395.8,0.0,1.2488156376330315,0,5,0,1246979.0,9405013.0,713512.75,30.197565816274317,2.290942950198568,0,0,0.0,0.0,LOW,ALLOW,0.0,0.0
1,CASH_IN,270824.4,0,0,0.0,2,134610.8203125,0.0,2.0119066626388515,0,2,0,269221.640625,9716462.0,8515810.0,35.8773499572659,31.444027212743126,0,0,0.0,0.0,LOW,ALLOW,0.0,0.0
1,PAYMENT,1449.03,0,0,0.0,0,0.0,0.0,0.0,0,0,0,0.0,80983.0,0.0,55.88773066303951,0.0,0,1,0.0,5.0,LOW,ALLOW,5.0,0.0
1,PAYMENT,3551.48,0,0,0.0,0,0.0,0.0,0.0,0,0,0,0.0,1015017.8125,0.0,285.80136114579216,0.0,0,1,0.0,5.0,LOW,ALLOW,5.0,0.0
1,CASH_OUT,227768.62,0,0,0.0,7,174895.73660714287,0.0,1.3023109048771275,0,7,0,1224270.15625,1011466.3125,530123.5,4.440762253800321,2.327464987769936,0,0,0.005686921502504801,3.34,LOW,ALLOW,3.0,0.57
1,CASH_OUT,172986.7,0,0,0.0,8,285611.806640625,0.0,0.6056707009408154,0,8,0,2284894.453125,783697.6875,686295.6875,4.530392644882658,3.967332026693887,0,0,0.009278814705887092,8.56,LOW,ALLOW,8.0,0.93
1,PAYMENT,4940.2,0,0,0.0,0,0.0,0.0,0.0,0,0,0,0.0,48005.0,0.0,9.717217542226216,0.0,0,1,0.0,5.0,LOW,ALLOW,5.0,0.0
1,PAYMENT,2755.96,0,0,0.0,0,0.0,0.0,0.0,0,0,0,0.0,20987.0,0.0,7.615132403034191,0.0,0,1,0.0,5.0,LOW,ALLOW,5.0,0.0
1,DEBIT,8807.01,0,0,0.0,3,65106.70583089193,0.0,0.1352703942432645,0,3,0,195320.11749267575,139428.0,64809.1796875,15.83148011759986,7.358817738622178,0,0,0.0,0.0,LOW,ALLOW,0.0,0.0
1,DEBIT,3111.86,0,0,0.0,5,129892.31875,0.0,0.0239572296296533,0,5,0,649461.59375,64665.8203125,10070.2197265625,20.780439377165504,3.2360772589181432,0,0,0.0,0.0,LOW,ALLOW,0.0,0.0
1,PAYMENT,10040.52,0,0,0.0,0,0.0,0.0,0.0,0,0,0,0.0,61553.9609375,0.0,6.130555370757474,0.0,0,1,0.0,5.0,LOW,ALLOW,5.0,0.0
1,DEBIT,5363.0,0,0,0.0,1,3580.260009765625,0.0,1.4979359000105354,0,1,0,3580.260009765625,21260.0,24765.259765625,3.964199142271117,4.61779969524986,0,0,0.0,0.0,LOW,ALLOW,0.0,0.0
1,PAYMENT,11990.19,0,0,0.0,0,0.0,0.0,0.0,0,0,0,0.0,885.0,0.0,0.0738103373078008,0.0,0,1,0.00618350222389134,20.37,LOW,ALLOW,20.0,0.62
1,PAYMENT,266.88,0,0,0.0,0,0.0,0.0,0.0,0,0,0,0.0,4182.0,0.0,15.66996374208073,0.0,0,1,0.0,5.0,LOW,ALLOW,5.0,0.0
1,PAYMENT,1928.55,0,0,0.0,0,0.0,0.0,0.0,0,0,0,0.0,5096.0,0.0,2.6423996634655977,0.0,0,1,0.0,5.0,LOW,ALLOW,5.0,0.0
1,PAYMENT,10648.06,0,0,0.0,0,0.0,0.0,0.0,0,0,0,0.0,37419.0,0.0,3.5141614068657794,0.0,0,1,0.0,5.0,LOW,ALLOW,5.0,0.0
1,PAYMENT,962.43,0,0,0.0,0,0.0,0.0,0.0,0,0,0,0.0,26770.939453125,0.0,27.81598626066869,0.0,0,1,0.0,5.0,LOW,ALLOW,5.0,0.0
1,PAYMENT,8348.1,0,0,0.0,0,0.0,0.0,0.0,0,0,0,0.0,16583.0,0.0,1.98644012121958,0.0,0,1,0.0,5.0,LOW,ALLOW,5.0,0.0
1,PAYMENT,6969.67,0,0,0.0,0,0.0,0.0,0.0,0,0,0,0.0,61091.0,0.0,8.765264450796995,0.0,0,1,0.0,5.0,LOW,ALLOW,5.0,0.0
1,TRANSFER,20128.0,1,0,0.0,0,0.0,0.0,0.0,0,0,0,0.0,20128.0,0.0,1.0,0.0,0,1,0.9822224656832125,65.93,HIGH,STEP-UP AUTHENTICATION / REVIEW,7.0,98.22
1,CASH_OUT,20128.0,1,0,0.0,0,0.0,0.0,0.0,0,0,0,0.0,20128.0,6268.0,1.0,0.3114069952305246,0,0,0.8812452358826051,55.87,MEDIUM,ADDITIONAL VERIFICATION,3.0,88.12
1,PAYMENT,154.87,0,0,0.0,0,0.0,0.0,0.0,0,0,0,0.0,9339.0,0.0,60.30219083388837,0.0,0,1,0.0,5.0,LOW,ALLOW,5.0,0.0
1,DEBIT,4040.84,0,0,0.0,0,0.0,0.0,0.0,0,0,0,0.0,1938.0,51339.0,0.4796032403775876,12.7050313507456,0,0,0.012787958157225568,15.77,LOW,ALLOW,15.0,1.28
1,PAYMENT,6490.17,0,0,0.0,0,0.0,0.0,0.0,0,0,0,0.0,548504.0,0.0,84.51304150778506,0.0,0,1,0.0,5.0,LOW,ALLOW,5.0,0.0
1,PAYMENT,1101.09,0,0,0.0,0,0.0,0.0,0.0,0,0,0,0.0,30858.0,0.0,28.02495795791834,0.0,0,1,0.0,5.0,LOW,ALLOW,5.0,0.0
1,DEBIT,4347.78,0,0,0.0,8,224235.0625,0.0,0.0193893842322551,0,8,0,1793880.5,20766.0,407959.75,4.776230864060129,93.83174175307012,0,0,0.0,5.0,LOW,ALLOW,5.0,0.0
1,CASH_OUT,213922.12,0,0,0.0,2,311966.9921875,0.0,0.6857203818262524,0,2,0,623933.984375,16418.220703125,431956.625,0.076748586445301,2.019223701148257,0,0,0.0009939291022871622,18.06,LOW,ALLOW,18.0,0.1
1,CASH_OUT,83859.59,0,0,0.0,20,859864.949609375,0.0,0.0975264706255282,0,10,0,11091958.625,0.0,16387548.0,0.0,195.41649639818343,1,0,0.0,16.0,LOW,ALLOW,16.0,0.0
1,CASH_OUT,33269.25,0,0,0.0,1,51719.12890625,0.0,0.6432677947903251,0,1,0,51719.12890625,0.0,111389.1328125,0.0,3.3481107272481347,1,0,0.010802095601869515,11.65,LOW,ALLOW,11.0,1.08
1,CASH_OUT,51749.94,0,0,0.0,0,0.0,0.0,0.0,0,0,0,0.0,0.0,62470.0,0.0,1.207151125246594,1,0,0.008690256418873697,11.52,LOW,ALLOW,11.0,0.87
1,CASH_OUT,86410.3,0,0,0.0,8,181504.84765625,0.0,0.4760770744737986,0,8,0,1452038.78125,0.0,757892.125,0.0,8.770854312609952,1,0,0.0,16.0,LOW,ALLOW,16.0,0.0
1,CASH_OUT,10856.63,0,0,0.0,6,89517.49674479167,0.0,0.1212794177406905,0,6,0,537104.98046875,0.0,217845.375,0.0,20.065653646798665,1,0,0.0,11.0,LOW,ALLOW,11.0,0.0
1,CASH_OUT,161613.94,0,0,0.0,6,259738.0625,0.0,0.6222189229582014,0,6,0,1558428.375,0.0,402063.375,0.0,2.487801369235249,1,0,0.0,11.0,LOW,ALLOW,11.0,0.0
1,CASH_OUT,244361.81,0,0,0.0,9,273097.90625,0.0,0.8947773194434734,0,9,0,2457881.15625,0.0,859282.4375,0.0,3.516435030125667,1,0,0.0,16.0,LOW,ALLOW,16.0,0.0
1,CASH_OUT,596617.9,0,0,0.0,3,279285.3697916667,0.0,2.136230320424761,0,3,0,837856.109375,0.0,645878.75,0.0,1.0825668775009465,1,0,0.0013807786317142242,11.08,LOW,ALLOW,11.0,0.14
1,CASH_OUT,108600.78,0,0,0.0,1,71532.2421875,0.0,1.5182074254758589,0,1,0,71532.2421875,0.0,146488.234375,0.0,1.3488690660316958,1,0,0.00034094794366995996,11.02,LOW,ALLOW,11.0,0.03
1,CASH_OUT,377520.94,0,0,0.0,7,245720.33035714287,0.0,1.536384624549752,0,7,0,1720042.3125,0.0,563677.3125,0.0,1.4931021209916338,1,0,0.0008552434780419153,11.05,LOW,ALLOW,11.0,0.09
1,CASH_OUT,60758.42,0,0,0.0,1,75442.6796875,0.0,0.8053587455625199,0,1,0,75442.6796875,0.0,155911.6875,0.0,2.5660917892298367,1,0,0.00034094794366995996,11.02,LOW,ALLOW,11.0,0.03
1,CASH_OUT,86204.31,0,0,0.0,8,262195.40625,0.0,0.3287788818763868,0,8,0,2097563.25,0.0,941198.25,0.0,10.91822697385354,1,0,0.0,16.0,LOW,ALLOW,16.0,0.0
1,CASH_OUT,1234.0,0,0,0.0,0,0.0,0.0,0.0,0,0,0,0.0,0.0,29906.0,0.0,24.235008103727715,1,0,0.008527888059813464,11.51,LOW,ALLOW,11.0,0.85
1,CASH_OUT,18288.91,0,0,0.0,6,346031.609375,0.0,0.0528532933430079,0,6,0,2076189.65625,0.0,858090.25,0.0,46.91861038569096,1,0,0.0,11.0,LOW,ALLOW,11.0,0.0
1,CASH_OUT,248979.22,0,0,0.0,10,270224.296875,0.0,0.921379837525019,0,10,0,2702242.96875,0.0,1103644.25,0.0,4.432676170890266,1,0,0.0,16.0,LOW,ALLOW,16.0,0.0
1,CASH_OUT,126774.5,0,0,0.0,4,358618.49609375,0.0,0.3535079795963971,0,4,0,1434473.984375,0.0,1242496.625,0.0,9.800840271505704,1,0,0.0,11.0,LOW,ALLOW,11.0,0.0
1,CASH_OUT,38428.19,0,0,0.0,1,27070.109375,0.0,1.419580204642228,0,1,0,27070.109375,0.0,43524.890625,0.0,1.1326291722883703,1,0,0.010803055365436723,11.65,LOW,ALLOW,11.0,1.08
1,CASH_OUT,109732.52,0,0,0.0,3,180015.34895833334,0.0,0.6095731506922717,0,3,0,540046.046875,0.0,8244985.5,0.0,75.13711743534331,1,0,9.906724811910417e-05,11.01,LOW,ALLOW,11.0,0.01
1,CASH_OUT,17851.54,0,0,0.0,0,0.0,0.0,0.0,0,0,0,0.0,0.0,32353.0,0.0,1.8123367339213137,1,0,0.0020474038428749453,11.12,LOW,ALLOW,11.0,0.2
1,CASH_OUT,5223.97,0,0,0.0,0,0.0,0.0,0.0,0,0,0,0.0,0.0,10429.6904296875,0.0,1.9965064885040609,1,0,0.028325692155063465,12.7,LOW,ALLOW,11.0,2.83
1,CASH_OUT,63807.17,0,0,0.0,7,154565.8950892857,0.0,0.412815335738466,0,7,0,1081961.265625,0.0,558216.1875,0.0,8.748486590089916,1,0,9.906724811910417e-05,11.01,LOW,ALLOW,11.0,0.01
1,CASH_OUT,406297.7,0,0,0.0,16,324864.2431640625,0.0,1.2506691519596145,0,10,0,3270961.40625,0.0,882606.75,0.0,2.172315465123094,1,0,0.0008552434780419153,16.05,LOW,ALLOW,16.0,0.09
1,PAYMENT,4779.93,0,0,0.0,0,0.0,0.0,0.0,0,0,0,0.0,121.0,0.0,0.0253141773101786,0.0,0,1,0.00618350222389134,20.37,LOW,ALLOW,20.0,0.62
1,TRANSFER,16631.14,0,0,0.0,1,996.0,0.0,16.69793235441767,0,1,0,996.0,0.0,89102.546875,0.0,5.3575728138009175,1,0,0.0,25.0,LOW,ALLOW,25.0,0.0
1,PAYMENT,2771.16,0,0,0.0,0,0.0,0.0,0.0,0,0,0,0.0,60721.0,0.0,21.91176327813572,0.0,0,1,0.0,5.0,LOW,ALLOW,5.0,0.0
1,PAYMENT,3154.06,0,0,0.0,0,0.0,0.0,0.0,0,0,0,0.0,24239.0,0.0,7.685015361060389,0.0,0,1,0.0,5.0,LOW,ALLOW,5.0,0.0
1,PAYMENT,7813.63,0,0,0.0,0,0.0,0.0,0.0,0,0,0,0.0,21084.939453125,0.0,2.6984819820433468,0.0,0,1,0.0,5.0,LOW,ALLOW,5.0,0.0
1,PAYMENT,360.13,0,0,0.0,0,0.0,0.0,0.0,0,0,0,0.0,38939.0,0.0,108.1248423403956,0.0,0,1,0.0,5.0,LOW,ALLOW,5.0,0.0
1,CASH_OUT,431381.16,0,0,0.0,0,0.0,0.0,0.0,0,0,0,0.0,40481.0,55566.0,0.0938404457716736,0.128809520756622,0,0,0.03446430164090491,20.07,LOW,ALLOW,18.0,3.45
1,TRANSFER,43670.84,0,0,0.0,1,19162.080078125,0.0,2.279023971599182,0,1,0,19162.080078125,0.0,79331.078125,0.0,1.816568639596556,1,0,0.0,10.0,LOW,ALLOW,10.0,0.0
1,PAYMENT,7342.63,0,0,0.0,0,0.0,0.0,0.0,0,0,0,0.0,19443.0,0.0,2.647961331336043,0.0,0,1,0.0,5.0,LOW,ALLOW,5.0,0.0
1,PAYMENT,7417.09,0,0,0.0,0,0.0,0.0,0.0,0,0,0,0.0,843.0,0.0,0.1136564363866176,0.0,0,1,0.00618350222389134,20.37,LOW,ALLOW,20.0,0.62
1,PAYMENT,8865.26,0,0,0.0,0,0.0,0.0,0.0,0,0,0,0.0,84415.828125,0.0,9.522093018900804,0.0,0,1,0.0,5.0,LOW,ALLOW,5.0,0.0
1,CASH_OUT,213490.88,0,0,0.0,6,219580.0035807292,0.0,0.9722692026530982,0,6,0,1317480.021484375,75550.5703125,508139.125,0.3538819648029453,2.380144467532863,0,0,0.0,18.0,LOW,ALLOW,18.0,0.0
1,PAYMENT,7444.4,0,0,0.0,0,0.0,0.0,0.0,0,0,0,0.0,31902.5703125,0.0,4.285445533689826,0.0,0,1,0.0,5.0,LOW,ALLOW,5.0,0.0
1,CASH_OUT,287265.38,0,0,0.0,1,431381.15625,0.0,0.6659200821315431,0,1,0,431381.15625,24458.169921875,486947.15625,0.0851413781486021,1.6951125984118345,0,0,0.0009939291022871622,18.06,LOW,ALLOW,18.0,0.1
1,CASH_OUT,416001.34,1,0,0.0,0,0.0,0.0,0.0,0,0,0,0.0,0.0,102.0,0.0,0.0002451915156824,1,0,0.6186715210099917,48.12,MEDIUM,ADDITIONAL VERIFICATION,11.0,61.87
1,PAYMENT,6432.26,0,0,0.0,0,0.0,0.0,0.0,0,0,0,0.0,0.0,0.0,0.0,0.0,1,1,8.645922160006689e-05,13.01,LOW,ALLOW,13.0,0.01
1,PAYMENT,8690.86,0,0,0.0,0,0.0,0.0,0.0,0,0,0,0.0,29772.0,0.0,3.425667746996693,0.0,0,1,0.0,5.0,LOW,ALLOW,5.0,0.0
1,PAYMENT,3791.28,0,0,0.0,0,0.0,0.0,0.0,0,0,0,0.0,32463.0,0.0,8.562543454755184,0.0,0,1,0.0,5.0,LOW,ALLOW,5.0,0.0
1,PAYMENT,4111.34,0,0,0.0,0,0.0,0.0,0.0,0,0,0,0.0,128052.0,0.0,31.14605089011623,0.0,0,1,0.0,5.0,LOW,ALLOW,5.0,0.0
1,PAYMENT,7163.9,0,0,0.0,0,0.0,0.0,0.0,0,0,0,0.0,114219.9375,0.0,15.943820971400182,0.0,0,1,0.0,5.0,LOW,ALLOW,5.0,0.0
1,PAYMENT,6557.51,0,0,0.0,0,0.0,0.0,0.0,0,0,0,0.0,107056.0390625,0.0,16.32571553666553,0.0,0,1,0.0,5.0,LOW,ALLOW,5.0,0.0
1,PAYMENT,17348.25,0,0,0.0,0,0.0,0.0,0.0,0,0,0,0.0,100498.5234375,0.0,5.793006409147897,0.0,0,1,0.0,5.0,LOW,ALLOW,5.0,0.0
1,PAYMENT,1586.28,0,0,0.0,0,0.0,0.0,0.0,0,0,0,0.0,83150.2734375,0.0,52.41840778538749,0.0,0,1,0.0,5.0,LOW,ALLOW,5.0,0.0
1,PAYMENT,6811.97,0,0,0.0,0,0.0,0.0,0.0,0,0,0,0.0,81564.0,0.0,11.97362839641701,0.0,0,1,0.0,5.0,LOW,ALLOW,5.0,0.0
1,PAYMENT,36651.07,0,0,0.0,0,0.0,0.0,0.0,0,0,0,0.0,74752.0234375,0.0,2.0395590851819003,0.0,0,1,0.0,5.0,LOW,ALLOW,5.0,0.0
1,PAYMENT,4804.68,0,0,0.0,0,0.0,0.0,0.0,0,0,0,0.0,38100.94921875,0.0,7.929965746899004,0.0,0,1,0.0,5.0,LOW,ALLOW,5.0,0.0
1,PAYMENT,19375.5,0,0,0.0,0,0.0,0.0,0.0,0,0,0,0.0,33296.26953125,0.0,1.718472789411886,0.0,0,1,0.0,5.0,LOW,ALLOW,5.0,0.0
1,PAYMENT,13833.75,0,0,0.0,0,0.0,0.0,0.0,0,0,0,0.0,13920.759765625,0.0,1.0062896731273154,0.0,0,1,0.0007062225073819703,5.04,LOW,ALLOW,5.0,0.07
1,PAYMENT,21008.52,0,0,0.0,0,0.0,0.0,0.0,0,0,0,0.0,87.01000213623047,0.0,0.0041416531996366,0.0,0,1,0.00618350222389134,20.37,LOW,ALLOW,20.0,0.62
1,PAYMENT,22043.92,0,0,0.0,0,0.0,0.0,0.0,0,0,0,0.0,0.0,0.0,0.0,0.0,1,1,8.645922160006689e-05,13.01,LOW,ALLOW,13.0,0.01
1,PAYMENT,32635.14,0,0,0.0,0,0.0,0.0,0.0,0,0,0,0.0,0.0,0.0,0.0,0.0,1,1,0.0,13.0,LOW,ALLOW,13.0,0.0
1,PAYMENT,11438.39,0,0,0.0,0,0.0,0.0,0.0,0,0,0,0.0,0.0,0.0,0.0,0.0,1,1,8.645922160006689e-05,13.01,LOW,ALLOW,13.0,0.01
1,PAYMENT,13527.16,0,0,0.0,0,0.0,0.0,0.0,0,0,0,0.0,0.0,0.0,0.0,0.0,1,1,8.645922160006689e-05,13.01,LOW,ALLOW,13.0,0.01
1,PAYMENT,11881.78,0,0,0.0,0,0.0,0.0,0.0,0,0,0,0.0,0.0,0.0,0.0,0.0,1,1,8.645922160006689e-05,13.01,LOW,ALLOW,13.0,0.01
1,PAYMENT,9805.46,0,0,0.0,0,0.0,0.0,0.0,0,0,0,0.0,0.0,0.0,0.0,0.0,1,1,8.645922160006689e-05,13.01,LOW,ALLOW,13.0,0.01
1,PAYMENT,9470.85,0,0,0.0,0,0.0,0.0,0.0,0,0,0,0.0,0.0,0.0,0.0,0.0,1,1,8.645922160006689e-05,13.01,LOW,ALLOW,13.0,0.01
1,PAYMENT,20560.86,0,0,0.0,0,0.0,0.0,0.0,0,0,0,0.0,0.0,0.0,0.0,0.0,1,1,8.645922160006689e-05,13.01,LOW,ALLOW,13.0,0.01
1,PAYMENT,13679.84,0,0,0.0,0,0.0,0.0,0.0,0,0,0,0.0,0.0,0.0,0.0,0.0,1,1,8.645922160006689e-05,13.01,LOW,ALLOW,13.0,0.01
1,PAYMENT,15448.0,0,0,0.0,0,0.0,0.0,0.0,0,0,0,0.0,0.0,0.0,0.0,0.0,1,1,8.645922160006689e-05,13.01,LOW,ALLOW,13.0,0.01
1,PAYMENT,1987.4,0,0,0.0,0,0.0,0.0,0.0,0,0,0,0.0,0.0,0.0,0.0,0.0,1,1,8.645922160006689e-05,13.01,LOW,ALLOW,13.0,0.01
1,PAYMENT,4145.04,0,0,0.0,0,0.0,0.0,0.0,0,0,0,0.0,97168.0,0.0,23.441993101223908,0.0,0,1,0.0,5.0,LOW,ALLOW,5.0,0.0
1,PAYMENT,3511.45,0,0,0.0,0,0.0,0.0,0.0,0,0,0,0.0,11310.0,0.0,3.22089169923254,0.0,0,1,0.0,5.0,LOW,ALLOW,5.0,0.0
1,PAYMENT,1118.1,0,0,0.0,0,0.0,0.0,0.0,0,0,0,0.0,9041.0,0.0,8.086038992409499,0.0,0,1,0.0,5.0,LOW,ALLOW,5.0,0.0
1,PAYMENT,15.06,0,0,0.0,0,0.0,0.0,0.0,0,0,0,0.0,204682.0,0.0,13591.101878947324,0.0,0,1,0.0,5.0,LOW,ALLOW,5.0,0.0
1,CASH_IN,352568.34,0,0,0.0,5,624475.1493652344,0.0,0.564583465184128,0,5,0,3122375.746826172,9945.0,2624106.5,0.0282072970426744,7.44283072067499,0,0,0.0,15.0,LOW,ALLOW,15.0,0.0
1,PAYMENT,3043.27,0,0,0.0,0,0.0,0.0,0.0,0,0,0,0.0,36369.0,0.0,11.9506319736958,0.0,0,1,0.0,5.0,LOW,ALLOW,5.0,0.0
1,PAYMENT,9758.09,0,0,0.0,0,0.0,0.0,0.0,0,0,0,0.0,21217.0,0.0,2.1742984887138914,0.0,0,1,0.0,5.0,LOW,ALLOW,5.0,0.0
1,PAYMENT,5924.89,0,0,0.0,0,0.0,0.0,0.0,0,0,0,0.0,1518.0,0.0,0.256207282324509,0.0,0,1,0.00618350222389134,20.37,LOW,ALLOW,20.0,0.62
1,PAYMENT,9550.43,0,0,0.0,0,0.0,0.0,0.0,0,0,0,0.0,4021.0,0.0,0.4210281769063074,0.0,0,1,0.00618350222389134,20.37,LOW,ALLOW,20.0,0.62
1,PAYMENT,4355.66,0,0,0.0,0,0.0,0.0,0.0,0,0,0,0.0,120.0,0.0,0.0275503587734709,0.0,0,1,0.00618350222389134,20.37,LOW,ALLOW,20.0,0.62
1,DEBIT,6973.12,0,0,0.0,2,32749.150390625,0.0,0.212925221998543,0,2,0,65498.30078125,50015.0,81953.078125,7.172542442904708,11.752712809722045,0,0,0.0,0.0,LOW,ALLOW,0.0,0.0
1,PAYMENT,2358.63,0,0,0.0,0,0.0,0.0,0.0,0,0,0,0.0,70824.0,0.0,30.027602260150868,0.0,0,1,0.0,5.0,LOW,ALLOW,5.0,0.0
1,DEBIT,374.36,0,0,0.0,5,149687.546875,0.0,0.0025009427515314,0,5,0,748437.734375,15237.0,62904.98046875,40.701465424225006,168.03339814664156,0,0,0.0,0.0,LOW,ALLOW,0.0,0.0
1,PAYMENT,8946.63,0,0,0.0,0,0.0,0.0,0.0,0,0,0,0.0,95066.0,0.0,10.625900617911183,0.0,0,1,0.0,5.0,LOW,ALLOW,5.0,0.0
1,PAYMENT,20573.4,0,0,0.0,0,0.0,0.0,0.0,0,0,0,0.0,24641.0,0.0,1.1977115854522788,0.0,0,1,0.0,5.0,LOW,ALLOW,5.0,0.0
1,PAYMENT,8358.12,0,0,0.0,0,0.0,0.0,0.0,0,0,0,0.0,293.0,0.0,0.0350557297444768,0.0,0,1,0.00618350222389134,20.37,LOW,ALLOW,20.0,0.62
1,PAYMENT,1006.76,0,0,0.0,0,0.0,0.0,0.0,0,0,0,0.0,696008.0,0.0,691.3345715450414,0.0,0,1,0.0,5.0,LOW,ALLOW,5.0,0.0
1,PAYMENT,10498.05,0,0,0.0,0,0.0,0.0,0.0,0,0,0,0.0,16730.0,0.0,1.593629322708096,0.0,0,1,0.0,5.0,LOW,ALLOW,5.0,0.0
1,TRANSFER,463722.75,0,0,0.0,1,15054.6103515625,0.0,30.8027068898446,0,1,0,15054.6103515625,349.0,18285.390625,0.0007526048700435,0.0394317307593815,0,0,0.006572648687905331,32.39,LOW,ALLOW,32.0,0.66
1,TRANSFER,138857.19,0,0,0.0,9,242640.84027777775,0.0,0.572274590464799,0,9,0,2183767.5625,109473.0,1027402.5625,0.7883855490015597,7.398987268844114,0,0,0.00169655454672725,22.1,LOW,ALLOW,22.0,0.17
1,PAYMENT,5184.9,0,0,0.0,0,0.0,0.0,0.0,0,0,0,0.0,283509.0,0.0,54.679744130035054,0.0,0,1,0.0,5.0,LOW,ALLOW,5.0,0.0
1,PAYMENT,3626.96,0,0,0.0,0,0.0,0.0,0.0,0,0,0,0.0,23506.0,0.0,6.480909702108801,0.0,0,1,0.0,5.0,LOW,ALLOW,5.0,0.0
1,PAYMENT,282.42,0,0,0.0,0,0.0,0.0,0.0,0,0,0,0.0,30603.0,0.0,108.35988437423784,0.0,0,1,0.0,5.0,LOW,ALLOW,5.0,0.0
1,DEBIT,8703.54,0,0,0.0,6,124802.01572672528,0.0,0.0697387777623748,0,6,0,748812.0943603516,137782.0,63279.33984375,15.830570018822035,7.270528952557806,0,0,0.0,0.0,LOW,ALLOW,0.0,0.0
1,PAYMENT,3673.1,0,0,0.0,0,0.0,0.0,0.0,0,0,0,0.0,30507.0,0.0,8.305518278542438,0.0,0,1,0.0,5.0,LOW,ALLOW,5.0,0.0
1,PAYMENT,9800.58,0,0,0.0,0,0.0,0.0,0.0,0,0,0,0.0,12617.16015625,0.0,1.2873891193860696,0.0,0,1,0.0,5.0,LOW,ALLOW,5.0,0.0
1,CASH_OUT,88987.11,0,0,0.0,4,173115.3702392578,0.0,0.5140335560731173,0,4,0,692461.4809570312,2816.580078125,696184.9375,0.031651551532657,7.823435803114039,0,0,0.0,18.0,LOW,ALLOW,18.0,0.0
1,PAYMENT,4227.19,0,0,0.0,0,0.0,0.0,0.0,0,0,0,0.0,36054.0,0.0,8.529070257014757,0.0,0,1,0.0,5.0,LOW,ALLOW,5.0,0.0
1,PAYMENT,2881.51,0,0,0.0,0,0.0,0.0,0.0,0,0,0,0.0,90250.0,0.0,31.320383998020787,0.0,0,1,0.0,5.0,LOW,ALLOW,5.0,0.0
1,PAYMENT,4376.46,0,0,0.0,0,0.0,0.0,0.0,0,0,0,0.0,9809.0,0.0,2.241309205968098,0.0,0,1,0.0,5.0,LOW,ALLOW,5.0,0.0
1,PAYMENT,11656.12,0,0,0.0,0,0.0,0.0,0.0,0,0,0,0.0,10181.0,0.0,0.8734467299275369,0.0,0,1,0.00618350222389134,20.37,LOW,ALLOW,20.0,0.62
1,TRANSFER,345698.97,0,0,0.0,1,9644.9404296875,0.0,35.84251984449019,0,1,0,9644.9404296875,40419.0,20489.939453125,0.116919642966103,0.0592710459253431,0,0,0.0,32.0,LOW,ALLOW,32.0,0.0
1,PAYMENT,3292.21,0,0,0.0,0,0.0,0.0,0.0,0,0,0,0.0,20484.0,0.0,6.221960398348018,0.0,0,1,0.0,5.0,LOW,ALLOW,5.0,0.0
1,PAYMENT,7367.06,0,0,0.0,0,0.0,0.0,0.0,0,0,0,0.0,14528.0,0.0,1.972021387697653,0.0,0,1,0.0,5.0,LOW,ALLOW,5.0,0.0
1,PAYMENT,2937.34,0,0,0.0,0,0.0,0.0,0.0,0,0,0,0.0,19703.0,0.0,6.707769413976576,0.0,0,1,0.0,5.0,LOW,ALLOW,5.0,0.0
1,DEBIT,1150.14,0,0,0.0,1,5223.97021484375,0.0,0.2201658829103485,0,1,0,5223.97021484375,21634.0,15653.66015625,18.809883774553175,13.61022132686588,0,0,0.0,0.0,LOW,ALLOW,0.0,0.0
1,PAYMENT,3563.36,0,0,0.0,0,0.0,0.0,0.0,0,0,0,0.0,185397.0,0.0,52.02870167790493,0.0,0,1,0.0,5.0,LOW,ALLOW,5.0,0.0
1,PAYMENT,2380.46,0,0,0.0,0,0.0,0.0,0.0,0,0,0,0.0,101428.0,0.0,42.60857215176787,0.0,0,1,0.0,5.0,LOW,ALLOW,5.0,0.0
1,PAYMENT,2266.02,0,0,0.0,0,0.0,0.0,0.0,0,0,0,0.0,64757.921875,0.0,28.57782425434876,0.0,0,1,0.0,5.0,LOW,ALLOW,5.0,0.0
1,TRANSFER,32132.45,0,0,0.0,0,0.0,0.0,0.0,0,0,0,0.0,62491.91015625,59605.0,1.9448224979932305,1.854978423655896,0,0,0.03338539180139048,4.0,LOW,ALLOW,2.0,3.34
1,TRANSFER,51627.39,0,0,0.0,0,0.0,0.0,0.0,0,0,0,0.0,30359.4609375,81243.0,0.5880494940760915,1.573641414304967,0,0,0.012902315690500795,17.77,LOW,ALLOW,17.0,1.29
1,TRANSFER,62073.54,0,0,0.0,7,78280.23005022321,0.0,0.7929657210086725,0,7,0,547961.6103515625,0.0,228702.015625,0.0,3.684372102494861,1,0,0.0,10.0,LOW,ALLOW,10.0,0.0
1,TRANSFER,13614.91,0,0,0.0,0,0.0,0.0,0.0,0,0,0,0.0,0.0,30195.0,0.0,2.217789148328593,1,0,0.002410991620906991,10.14,LOW,ALLOW,10.0,0.24
1,TRANSFER,2290.73,0,0,0.0,1,24936.33984375,0.0,0.0918631200417688,0,1,0,24936.33984375,0.0,79471.65625,0.0,34.69272106603232,1,0,0.0,10.0,LOW,ALLOW,10.0,0.0
1,TRANSFER,637161.0,0,0,0.0,10,232262.475,0.0,2.7432799895893645,0,10,0,2322624.75,0.0,1166259.75,0.0,1.8304004011544963,1,0,0.0,15.0,LOW,ALLOW,15.0,0.0
1,TRANSFER,639378.4,0,0,0.0,5,168108.4640625,0.0,3.803368132387965,0,5,0,840542.3203125,0.0,753824.125,0.0,1.178995340591555,1,0,0.0008552434780419153,10.05,LOW,ALLOW,10.0,0.09
1,TRANSFER,34390.85,0,0,0.0,1,40684.96875,0.0,0.8452962511492651,0,1,0,40684.96875,0.0,90214.96875,0.0,2.623225789743775,1,0,0.0,10.0,LOW,ALLOW,10.0,0.0
1,TRANSFER,1867849.0,0,0,0.0,6,579157.3484293619,0.0,3.2251149105946566,0,6,0,3474944.090576172,0.0,2271538.0,0.0,1.2161250722087278,1,0,0.0,10.0,LOW,ALLOW,10.0,0.0
1,TRANSFER,1193410.5,0,0,0.0,21,822912.3136160715,0.0,1.450228025821939,0,10,0,9637617.84375,0.0,16471408.0,0.0,13.80196336465952,1,0,0.0002699505081625468,15.02,LOW,ALLOW,15.0,0.03
1,TRANSFER,348186.2,0,0,0.0,2,359323.265625,0.0,0.969005407691516,0,2,0,718646.53125,0.0,774212.5625,0.0,2.223559090780992,1,0,0.0008552434780419153,10.05,LOW,ALLOW,10.0,0.09
1,TRANSFER,1440296.1,0,0,0.0,22,839753.1402698864,0.0,1.7151422911465464,0,10,0,8409450.34375,0.0,17664818.0,0.0,12.26471257776938,1,0,0.0,15.0,LOW,ALLOW,15.0,0.0
1,TRANSFER,799483.56,0,0,0.0,3,355610.90625,0.0,2.2481975340147486,0,3,0,1066832.71875,0.0,1122398.75,0.0,1.4039047238072515,1,0,0.0,10.0,LOW,ALLOW,10.0,0.0
1,TRANSFER,969631.3,0,0,0.0,4,370582.6365966797,0.0,2.616504975529357,0,4,0,1482330.5463867188,0.0,2134967.5,0.0,2.201834318340457,1,0,0.0,10.0,LOW,ALLOW,10.0,0.0
1,TRANSFER,483544.3,0,0,0.0,7,299211.2237723214,0.0,1.6160634163507952,0,7,0,2094478.56640625,0.0,876379.1875,0.0,1.8124071876039285,1,0,0.0008552434780419153,10.05,LOW,ALLOW,10.0,0.09
1,TRANSFER,326349.9,0,0,0.0,12,241893.06966145837,0.0,1.349149468013876,0,10,0,2417820.0859375,0.0,778150.5,0.0,2.384405465108051,1,0,0.0,15.0,LOW,ALLOW,15.0,0.0
1,DEBIT,7546.88,0,0,0.0,0,0.0,0.0,0.0,0,0,0,0.0,51368.0,11353.0,6.8065214761118815,1.5043302896413755,0,0,0.006357217386821309,0.38,LOW,ALLOW,0.0,0.64
1,PAYMENT,2469.75,0,0,0.0,0,0.0,0.0,0.0,0,0,0,0.0,43821.12109375,0.0,17.7431404367851,0.0,0,1,0.0,5.0,LOW,ALLOW,5.0,0.0
1,DEBIT,1741.24,0,0,0.0,2,177671.95458984375,0.0,0.0098003086320181,0,2,0,355343.9091796875,80942.0,366188.90625,46.4852636362349,210.3035240999204,0,0,0.0,0.0,LOW,ALLOW,0.0,0.0
1,PAYMENT,553.25,0,0,0.0,0,0.0,0.0,0.0,0,0,0,0.0,7522.0,0.0,13.596023497514686,0.0,0,1,0.0,5.0,LOW,ALLOW,5.0,0.0
1,PAYMENT,6606.31,0,0,0.0,0,0.0,0.0,0.0,0,0,0,0.0,6968.75,0.0,1.0548626900935074,0.0,0,1,0.0,5.0,LOW,ALLOW,5.0,0.0
1,PAYMENT,2075.94,0,0,0.0,0,0.0,0.0,0.0,0,0,0,0.0,110403.0,0.0,53.18217439624605,0.0,0,1,0.0,5.0,LOW,ALLOW,5.0,0.0
1,TRANSFER,84212.94,0,0,0.0,0,0.0,0.0,0.0,0,0,0,0.0,53199.0,0.0,0.6317200370786258,0.0,0,1,0.0839539227304625,27.04,LOW,ALLOW,22.0,8.4
1,CASH_OUT,312108.5,0,0,0.0,4,147521.30712890625,0.0,2.1156842091107224,0,4,0,590085.228515625,0.0,8043910.5,0.0,25.77280176605251,1,0,9.906724811910417e-05,11.01,LOW,ALLOW,11.0,0.01
1,PAYMENT,1647.93,0,0,0.0,0,0.0,0.0,0.0,0,0,0,0.0,70889.0,0.0,43.016995679134936,0.0,0,1,0.0,5.0,LOW,ALLOW,5.0,0.0
1,PAYMENT,3533.32,0,0,0.0,0,0.0,0.0,0.0,0,0,0,0.0,38211.0,0.0,10.81447456237456,0.0,0,1,0.0,5.0,LOW,ALLOW,5.0,0.0
1,PAYMENT,7659.86,0,0,0.0,0,0.0,0.0,0.0,0,0,0,0.0,544.0,0.0,0.071019576037905,0.0,0,1,0.00618350222389134,20.37,LOW,ALLOW,20.0,0.62
1,PAYMENT,7203.07,0,0,0.0,0,0.0,0.0,0.0,0,0,0,0.0,290775.5625,0.0,40.3682831898048,0.0,0,1,0.0,5.0,LOW,ALLOW,5.0,0.0
1,CASH_OUT,116206.75,0,0,0.0,2,68100.55078125,0.0,1.7063995616316658,0,2,0,136201.1015625,283572.46875,216670.09375,2.4402409391020745,1.8645224459852805,0,0,0.013283673842554097,3.8,LOW,ALLOW,3.0,1.33
1,CASH_OUT,30331.38,0,0,0.0,2,8813.5703125,0.0,3.4414408445073605,0,2,0,17627.140625,167365.734375,105733.6875,5.5179068553111925,3.4859503426570577,0,0,0.006115883613345744,3.37,LOW,ALLOW,3.0,0.61
1,PAYMENT,2063.77,0,0,0.0,0,0.0,0.0,0.0,0,0,0,0.0,16064.0,0.0,7.783813045044942,0.0,0,1,0.0,5.0,LOW,ALLOW,5.0,0.0
1,PAYMENT,3035.35,0,0,0.0,0,0.0,0.0,0.0,0,0,0,0.0,26657.0,0.0,8.782182991208574,0.0,0,1,0.0,5.0,LOW,ALLOW,5.0,0.0
1,CASH_OUT,123797.1,0,0,0.0,2,36666.500915527344,0.0,3.376299850583098,0,2,0,73333.00183105469,23621.650390625,153674.015625,0.1908093977361773,1.2413377509280086,0,0,0.0,18.0,LOW,ALLOW,18.0,0.0
1,DEBIT,8233.25,0,0,0.0,0,0.0,0.0,0.0,0,0,0,0.0,7024.0,14673.0,0.8531260437858683,1.7821637870828653,0,0,0.006146214059103231,15.37,LOW,ALLOW,15.0,0.61
1,PAYMENT,2271.34,0,0,0.0,0,0.0,0.0,0.0,0,0,0,0.0,31346.0,0.0,13.800663391236482,0.0,0,1,0.0,5.0,LOW,ALLOW,5.0,0.0
1,PAYMENT,3801.74,0,0,0.0,0,0.0,0.0,0.0,0,0,0,0.0,73616.203125,0.0,19.363818492085148,0.0,0,1,0.0,5.0,LOW,ALLOW,5.0,0.0
1,PAYMENT,1530.83,0,0,0.0,0,0.0,0.0,0.0,0,0,0,0.0,69814.4609375,0.0,45.60562762792313,0.0,0,1,0.0,5.0,LOW,ALLOW,5.0,0.0
1,PAYMENT,4833.96,0,0,0.0,0,0.0,0.0,0.0,0,0,0,0.0,41005.0,0.0,8.482693346936095,0.0,0,1,0.0,5.0,LOW,ALLOW,5.0,0.0
1,PAYMENT,5842.61,0,0,0.0,0,0.0,0.0,0.0,0,0,0,0.0,40.0,0.0,0.0068462555152597,0.0,0,1,0.00618350222389134,20.37,LOW,ALLOW,20.0,0.62
1,PAYMENT,2871.89,0,0,0.0,0,0.0,0.0,0.0,0,0,0,0.0,653.0,0.0,0.2273764052332087,0.0,0,1,0.00547727971650937,20.33,LOW,ALLOW,20.0,0.55
1,DEBIT,5297.36,0,0,0.0,1,6666.77978515625,0.0,0.7945904970606578,0,1,0,6666.77978515625,82134.0,31443.779296875,15.5047046301901,5.935745372865481,0,0,0.0,0.0,LOW,ALLOW,0.0,0.0
1,TRANSFER,621561.6,0,0,0.0,0,0.0,0.0,0.0,0,0,0,0.0,123122.0,0.0,0.1980849445137479,0.0,0,1,0.1181997555441035,29.09,LOW,ALLOW,22.0,11.82
1,PAYMENT,829.07,0,0,0.0,0,0.0,0.0,0.0,0,0,0,0.0,11199.0,0.0,13.507906330062768,0.0,0,1,0.0,5.0,LOW,ALLOW,5.0,0.0
1,PAYMENT,3418.07,0,0,0.0,0,0.0,0.0,0.0,0,0,0,0.0,260.0,0.0,0.0760663166056149,0.0,0,1,0.00547727971650937,20.33,LOW,ALLOW,20.0,0.55
1,CASH_OUT,41924.75,0,0,0.0,1,51627.390625,0.0,0.8120640902524793,0,1,0,51627.390625,0.0,132870.390625,0.0,3.1692589848478523,1,0,0.0029617436122517295,11.18,LOW,ALLOW,11.0,0.3
1,CASH_OUT,173597.56,0,0,0.0,5,490392.3717773437,0.0,0.3539972733891132,0,5,0,2451961.8588867188,0.0,3104598.75,0.0,17.88388445834313,1,0,0.0,11.0,LOW,ALLOW,11.0,0.0
1,CASH_OUT,77642.84,0,0,0.0,1,416001.34375,0.0,0.186640848440769,0,1,0,416001.34375,0.0,416103.34375,0.0,5.359197624056628,1,0,0.001334877045957122,11.08,LOW,ALLOW,11.0,0.13
1,CASH_OUT,144964.23,0,0,0.0,5,156289.71806640626,0.0,0.9275353245784592,0,5,0,781448.5903320312,0.0,785172.0625,0.0,5.416315727014993,1,0,9.906724811910417e-05,11.01,LOW,ALLOW,11.0,0.01
1,CASH_OUT,94038.9,0,0,0.0,3,15986.173828125,0.0,5.882514443328164,0,3,0,47958.521484375,0.0,136065.0625,0.0,1.4469019178317084,1,0,0.0026207956685817694,21.16,LOW,ALLOW,21.0,0.26
1,CASH_OUT,26051.33,0,0,0.0,2,10747.444702148438,0.0,2.4239557215788494,0,2,0,21494.889404296875,0.0,28479.109375,0.0,1.0931921437252672,1,0,0.017035441379509065,12.02,LOW,ALLOW,11.0,1.7
1,CASH_OUT,134143.27,0,0,0.0,12,324324.05118815106,0.0,0.4136087506725768,0,10,0,2941383.6767578125,0.0,1754894.375,0.0,13.082239848743804,1,0,0.0,16.0,LOW,ALLOW,16.0,0.0
1,CASH_OUT,497424.2,0,0,0.0,6,154402.13745117188,0.0,3.2216146467357385,0,6,0,926412.8247070312,0.0,930136.3125,0.0,1.86990567783759,1,0,0.0014798458798333284,11.09,LOW,ALLOW,11.0,0.15
1,CASH_OUT,607616.75,0,0,0.0,8,322252.85986328125,0.0,1.885527874780652,0,8,0,2578022.87890625,0.0,1359923.5,0.0,2.2381270759899228,1,0,0.0005255351536723089,16.03,LOW,ALLOW,16.0,0.05
1,CASH_OUT,681093.56,0,0,0.0,9,170938.78645833334,0.0,3.984429611392017,0,9,0,1538449.078125,0.0,844302.375,0.0,1.239627595217507,1,0,0.0013807786317142242,16.08,LOW,ALLOW,16.0,0.14
1,CASH_OUT,114057.61,0,0,0.0,7,203405.28745814733,0.0,0.560740631673444,0,7,0,1423837.0122070312,0.0,1427560.5,0.0,12.516135554853244,1,0,0.0,11.0,LOW,ALLOW,11.0,0.0
1,CASH_OUT,205279.62,0,0,0.0,8,192236.8276977539,0.0,1.067847547519629,0,8,0,1537894.6215820312,0.0,1541618.125,0.0,7.509844803155696,1,0,0.0,16.0,LOW,ALLOW,16.0,0.0
1,CASH_OUT,173512.94,0,0,0.0,4,162444.642578125,0.0,1.068135795346725,0,4,0,649778.5703125,0.0,8354718.0,0.0,48.15040377032404,1,0,9.906724811910417e-05,11.01,LOW,ALLOW,11.0,0.01
1,CASH_OUT,166817.98,0,0,0.0,7,218710.1280691964,0.0,0.7627355250883554,0,7,0,1530970.896484375,0.0,721630.0,0.0,4.325852531450118,1,0,0.0,11.0,LOW,ALLOW,11.0,0.0
1,CASH_OUT,113283.13,0,0,0.0,2,31416.4599609375,0.0,3.605852885823343,0,2,0,62832.919921875,0.0,123001.90625,0.0,1.0857918844245416,1,0,0.0,11.0,LOW,ALLOW,11.0,0.0
1,CASH_OUT,179030.05,0,0,0.0,8,165599.50634765625,0.0,1.0811025396364886,0,8,0,1324796.05078125,0.0,1357232.5,0.0,7.581031920008539,1,0,0.0,16.0,LOW,ALLOW,16.0,0.0
1,CASH_OUT,94332.0,0,0,0.0,1,621561.625,0.0,0.1517661261664923,0,1,0,621561.625,0.0,621561.625,0.0,6.589085623118348,1,0,0.00044001519178906416,11.03,LOW,ALLOW,11.0,0.04
1,CASH_OUT,141111.16,0,0,0.0,8,143221.0546875,0.0,0.9852682383738642,0,8,0,1145768.4375,0.0,622023.3125,0.0,4.40803781238948,1,0,0.0,16.0,LOW,ALLOW,16.0,0.0
1,CASH_OUT,45756.23,0,0,0.0,6,246653.44921875,0.0,0.1855081719460168,0,6,0,1479920.6953125,0.0,1393202.5,0.0,30.4483670470082,1,0,0.0,11.0,LOW,ALLOW,11.0,0.0
1,CASH_OUT,6039.61,0,0,0.0,0,0.0,0.0,0.0,0,0,0,0.0,0.0,31164.0,0.0,5.159935940476288,1,0,0.0020474038428749453,11.12,LOW,ALLOW,11.0,0.2
1,CASH_OUT,46261.02,0,0,0.0,4,146342.26684570312,0.0,0.316115231288754,0,4,0,585369.0673828125,0.0,85758.953125,0.0,1.8538059470796695,1,0,0.0012213590960050956,11.07,LOW,ALLOW,11.0,0.12
1,CASH_OUT,312471.16,0,0,0.0,11,269071.4318181818,0.0,1.161294434487361,0,10,0,2886321.6875,0.0,1803420.75,0.0,5.771479107521624,1,0,0.0,16.0,LOW,ALLOW,16.0,0.0
1,CASH_OUT,195490.05,0,0,0.0,13,248389.74939903847,0.0,0.7870294460539311,0,10,0,2378659.9296875,0.0,1104500.375,0.0,5.649905929513834,1,0,0.0,16.0,LOW,ALLOW,16.0,0.0
1,CASH_OUT,107308.84,0,0,0.0,2,37537.91015625,0.0,2.858679220642049,0,2,0,75075.8203125,0.0,124605.8203125,0.0,1.1611887329882815,1,0,0.006642960903758339,11.4,LOW,ALLOW,11.0,0.66
1,CASH_OUT,48252.82,0,0,0.0,13,309694.7599909856,0.0,0.1558076743497517,0,10,0,2904157.2080078125,0.0,1889037.75,0.0,39.14875312501973,1,0,0.0,16.0,LOW,ALLOW,16.0,0.0
1,CASH_OUT,25674.03,0,0,0.0,0,0.0,0.0,0.0,0,0,0,0.0,0.0,30563.0,0.0,1.19042475361357,1,0,0.008665685187636081,11.52,LOW,ALLOW,11.0,0.87
1,CASH_OUT,63830.49,0,0,0.0,9,199803.1421983507,0.0,0.3194668891537428,0,9,0,1798228.2797851562,0.0,412307.53125,0.0,6.459413712038201,1,0,0.0,16.0,LOW,ALLOW,16.0,0.0
1,CASH_OUT,96178.8,0,0,0.0,7,84015.22607421875,0.0,1.1447781713999792,0,7,0,588106.5825195312,0.0,111973.9609375,0.0,1.1642270913726274,1,0,0.0012213590960050956,11.07,LOW,ALLOW,11.0,0.12
1,CASH_OUT,155122.86,0,0,0.0,3,119028.38305664062,0.0,1.3032425997182833,0,3,0,357085.1491699219,0.0,367930.15625,0.0,2.371862907455512,1,0,0.0,11.0,LOW,ALLOW,11.0,0.0
1,CASH_OUT,171757.77,0,0,0.0,1,100588.796875,0.0,1.7075238094202525,0,1,0,100588.796875,0.0,205811.796875,0.0,1.1982677821062857,1,0,0.00034094794366995996,11.02,LOW,ALLOW,11.0,0.03
1,CASH_OUT,8809.04,0,0,0.0,8,76254.39367675781,0.0,0.1155217373624921,0,8,0,610035.1494140625,0.0,137034.359375,0.0,15.5561058602685,1,0,0.006642977569256152,16.4,LOW,ALLOW,16.0,0.66
1,CASH_OUT,27320.2,0,0,0.0,1,65413.890625,0.0,0.4176513422106209,0,1,0,65413.890625,0.0,79191.109375,0.0,2.898628547358861,1,0,0.0015623070396750555,11.09,LOW,ALLOW,11.0,0.16
1,CASH_OUT,517915.9,0,0,0.0,9,505235.6588541667,0.0,1.025097688917269,0,9,0,4547120.9296875,0.0,4404061.0,0.0,8.503428735927146,1,0,0.007144478404341868,16.43,LOW,ALLOW,16.0,0.71
1,CASH_OUT,34629.16,0,0,0.0,1,63189.26171875,0.0,0.5480228636058676,0,1,0,63189.26171875,0.0,38735.73828125,0.0,1.1185872861620303,1,0,0.014755691556079267,11.89,LOW,ALLOW,11.0,1.48
1,CASH_OUT,94296.25,0,0,0.0,9,211833.3748372396,0.0,0.4451435005104919,0,9,0,1906500.373535156,0.0,336692.9375,0.0,3.570586714742103,1,0,0.0,16.0,LOW,ALLOW,16.0,0.0
1,CASH_OUT,285360.06,0,0,0.0,2,357946.8125,0.0,0.7972135874236902,0,2,0,715893.625,0.0,715893.6875,0.0,2.50873819282262,1,0,9.906724811910417e-05,11.01,LOW,ALLOW,11.0,0.01
1,CASH_OUT,161445.9,0,0,0.0,3,65710.03446451823,0.0,2.456944476831415,0,3,0,197130.1033935547,0.0,277471.125,0.0,1.7186631203291969,1,0,0.0,11.0,LOW,ALLOW,11.0,0.0
1,CASH_OUT,386683.03,0,0,0.0,11,268292.92613636365,0.0,1.4412718099524655,0,10,0,2531420.78125,0.0,1352623.5,0.0,3.498016180403572,1,0,0.0,16.0,LOW,ALLOW,16.0,0.0
1,CASH_OUT,169854.56,0,0,0.0,5,164658.3015625,0.0,1.031557843656778,0,5,0,823291.5078125,0.0,8528231.0,0.0,50.20901926022741,1,0,9.906724811910417e-05,11.01,LOW,ALLOW,11.0,0.01
1,CASH_OUT,126167.7,0,0,0.0,6,437593.2368977864,0.0,0.2883218763147164,0,6,0,2625559.4213867188,0.0,3278196.5,0.0,25.982849959249428,1,0,0.0,11.0,LOW,ALLOW,11.0,0.0
1,CASH_OUT,152757.58,0,0,0.0,5,180438.745703125,0.0,0.8465896696950627,0,5,0,902193.728515625,0.0,8356019.0,0.0,54.70117491102375,1,0,9.906724811910417e-05,11.01,LOW,ALLOW,11.0,0.01
1,CASH_OUT,49661.18,0,0,0.0,14,291020.3357282366,0.0,0.1706450498149211,0,10,0,2472187.5283203125,0.0,1937290.5,0.0,39.010158683113744,1,0,0.0,16.0,LOW,ALLOW,16.0,0.0
1,CASH_OUT,73513.5,0,0,0.0,3,215125.9192708333,0.0,0.3417231184841562,0,3,0,645377.7578125,0.0,236639.0,0.0,3.2189869887843727,1,0,0.0,11.0,LOW,ALLOW,11.0,0.0
1,CASH_OUT,166335.31,0,0,0.0,12,278158.7682291667,0.0,0.5979869466597627,0,10,0,2665194.9375,0.0,1739306.5,0.0,10.456628083708924,1,0,0.0,16.0,LOW,ALLOW,16.0,0.0
1,CASH_OUT,234268.81,0,0,0.0,4,179722.814453125,0.0,1.3035006891743377,0,4,0,718891.2578125,0.0,310152.5,0.0,1.323917156066175,1,0,0.0,11.0,LOW,ALLOW,11.0,0.0
1,CASH_OUT,306280.12,0,0,0.0,9,167091.78862847222,0.0,1.833005245284748,0,9,0,1503826.09765625,0.0,1536262.5,0.0,5.01587394872586,1,0,0.0,16.0,LOW,ALLOW,16.0,0.0
1,CASH_OUT,194620.69,0,0,0.0,6,251840.83072916663,0.0,0.7727924297918869,0,6,0,1511044.984375,0.0,610711.0,0.0,3.137955208384515,1,0,0.0,11.0,LOW,ALLOW,11.0,0.0
1,CASH_OUT,128278.74,0,0,0.0,6,175825.2177734375,0.0,0.7295810226312115,0,6,0,1054951.306640625,0.0,8508777.0,0.0,66.33037442449393,1,0,9.906724811910417e-05,11.01,LOW,ALLOW,11.0,0.01
1,CASH_OUT,256773.55,0,0,0.0,8,212223.61010742188,0.0,1.209919795186917,0,8,0,1697788.880859375,0.0,888448.0,0.0,3.4600448948602387,1,0,0.0,16.0,LOW,ALLOW,16.0,0.0
1,CASH_OUT,105759.12,0,0,0.0,3,84135.95052083333,0.0,1.2570027025642558,0,3,0,252407.8515625,0.0,332876.84375,0.0,3.147500211824232,1,0,0.0,11.0,LOW,ALLOW,11.0,0.0
1,CASH_OUT,59390.46,0,0,0.0,2,107244.16015625,0.0,0.5537873656800587,0,2,0,214488.3203125,0.0,73791.34375,0.0,1.2424780442040158,1,0,0.0012213590960050956,11.07,LOW,ALLOW,11.0,0.12
1,CASH_OUT,131991.27,0,0,0.0,9,217173.6030815972,0.0,0.6077684569031522,0,9,0,1954562.427734375,0.0,1145221.5,0.0,8.676494573918895,1,0,0.0,16.0,LOW,ALLOW,16.0,0.0
1,CASH_OUT,65025.3,0,0,0.0,3,91292.92708333331,0.0,0.7122709596318901,0,3,0,273878.78125,0.0,133181.8125,0.0,2.0481537324684376,1,0,0.006619059084203533,11.4,LOW,ALLOW,11.0,0.66
1,CASH_OUT,82054.36,0,0,0.0,2,46776.0703125,0.0,1.7541952290308696,0,2,0,93552.140625,0.0,174795.140625,0.0,2.1302358821200658,1,0,0.0,11.0,LOW,ALLOW,11.0,0.0
1,CASH_OUT,69708.79,0,0,0.0,7,108216.51919991628,0.0,0.6441603331717023,0,7,0,757515.6343994141,0.0,71982.8828125,0.0,1.032622769389396,1,0,0.0012213590960050956,11.07,LOW,ALLOW,11.0,0.12
1,CASH_OUT,9104.26,0,0,0.0,0,0.0,0.0,0.0,0,0,0,0.0,0.0,10623.0,0.0,1.1668164434531312,1,0,0.02175767533564229,12.31,LOW,ALLOW,11.0,2.18
1,CASH_OUT,92553.64,0,0,0.0,2,78435.7626953125,0.0,1.179992868616948,0,2,0,156871.525390625,0.0,297655.5,0.0,3.2160323244983102,1,0,0.0,11.0,LOW,ALLOW,11.0,0.0
1,CASH_OUT,66312.08,0,0,0.0,5,190632.0140625,0.0,0.3478538400337056,0,5,0,953160.0703125,0.0,544421.3125,0.0,8.209987198316295,1,0,9.906724811910417e-05,11.01,LOW,ALLOW,11.0,0.01
1,CASH_OUT,142282.62,0,0,0.0,7,243666.52455357145,0.0,0.583923562174493,0,7,0,1705665.671875,0.0,805331.6875,0.0,5.660084550028508,1,0,0.0,11.0,LOW,ALLOW,11.0,0.0
1,CASH_OUT,114499.14,0,0,0.0,1,53783.5703125,0.0,2.1288869437213416,0,1,0,53783.5703125,0.0,129297.5703125,0.0,1.1292448974439628,1,0,0.00034094794366995996,11.02,LOW,ALLOW,11.0,0.03
1,CASH_OUT,76635.24,0,0,0.0,2,103272.9609375,0.0,0.7420649266934358,0,2,0,206545.921875,0.0,102696.3515625,0.0,1.3400669017426403,1,0,0.0012213590960050956,11.07,LOW,ALLOW,11.0,0.12
1,CASH_OUT,132574.0,0,0,0.0,4,84726.0205078125,0.0,1.5647377181815767,0,4,0,338904.08203125,0.0,198207.109375,0.0,1.4950677310407772,1,0,0.0,11.0,LOW,ALLOW,11.0,0.0
1,CASH_OUT,39485.21,0,0,0.0,1,770537.375,0.0,0.0512437322556871,0,1,0,770537.375,0.0,9987287.0,0.0,252.937410308092,1,0,0.00034094794366995996,11.02,LOW,ALLOW,11.0,0.03
1,CASH_OUT,236825.42,0,0,0.0,2,84141.35546875,0.0,2.814613819276499,0,2,0,168282.7109375,0.0,243796.703125,0.0,1.0294363721377833,1,0,0.0,11.0,LOW,ALLOW,11.0,0.0
1,CASH_OUT,327066.2,0,0,0.0,8,230993.537109375,0.0,1.4159105557361753,0,8,0,1847948.296875,0.0,947614.3125,0.0,2.8973166555164007,1,0,0.0,16.0,LOW,ALLOW,16.0,0.0
1,CASH_OUT,156819.6,0,0,0.0,4,89541.7421875,0.0,1.751357410732756,0,4,0,358166.96875,0.0,438635.96875,0.0,2.797073747361369,1,0,0.0,11.0,LOW,ALLOW,11.0,0.0
1,CASH_OUT,13136.44,0,0,0.0,10,221954.2640625,0.0,0.0591853483201765,0,10,0,2219542.640625,0.0,1525396.0,0.0,116.11943190886812,1,0,0.0,16.0,LOW,ALLOW,16.0,0.0
1,PAYMENT,4306.89,0,0,0.0,0,0.0,0.0,0.0,0,0,0,0.0,256849.484375,0.0,59.63687863435577,0.0,0,1,0.0,5.0,LOW,ALLOW,5.0,0.0
1,PAYMENT,8309.52,0,0,0.0,0,0.0,0.0,0.0,0,0,0,0.0,252542.59375,0.0,30.391961027379647,0.0,0,1,0.0,5.0,LOW,ALLOW,5.0,0.0
1,PAYMENT,5363.35,0,0,0.0,0,0.0,0.0,0.0,0,0,0,0.0,81503.828125,0.0,15.196440031132155,0.0,0,1,0.0,5.0,LOW,ALLOW,5.0,0.0
1,PAYMENT,132.42,0,0,0.0,0,0.0,0.0,0.0,0,0,0,0.0,76140.4765625,0.0,574.9922792277775,0.0,0,1,0.0,5.0,LOW,ALLOW,5.0,0.0
1,PAYMENT,19644.08,0,0,0.0,0,0.0,0.0,0.0,0,0,0,0.0,76008.0625,0.0,3.869260469195504,0.0,0,1,0.0,5.0,LOW,ALLOW,5.0,0.0
1,PAYMENT,895.24,0,0,0.0,0,0.0,0.0,0.0,0,0,0,0.0,56363.98046875,0.0,62.95963214734614,0.0,0,1,0.0,5.0,LOW,ALLOW,5.0,0.0
1,PAYMENT,7641.08,0,0,0.0,0,0.0,0.0,0.0,0,0,0,0.0,55468.73828125,0.0,7.259279802608893,0.0,0,1,0.0,5.0,LOW,ALLOW,5.0,0.0
1,PAYMENT,31188.22,0,0,0.0,0,0.0,0.0,0.0,0,0,0,0.0,47827.66015625,0.0,1.5335167918526933,0.0,0,1,0.0,5.0,LOW,ALLOW,5.0,0.0
1,PAYMENT,13954.75,0,0,0.0,0,0.0,0.0,0.0,0,0,0,0.0,16639.439453125,0.0,1.1923853492986258,0.0,0,1,0.0,5.0,LOW,ALLOW,5.0,0.0
1,PAYMENT,10497.33,0,0,0.0,0,0.0,0.0,0.0,0,0,0,0.0,2684.68994140625,0.0,0.255749787939009,0.0,0,1,0.00618350222389134,20.37,LOW,ALLOW,20.0,0.62
1,PAYMENT,5843.75,0,0,0.0,0,0.0,0.0,0.0,0,0,0,0.0,0.0,0.0,0.0,0.0,1,1,8.645922160006689e-05,13.01,LOW,ALLOW,13.0,0.01
1,PAYMENT,7260.2,0,0,0.0,0,0.0,0.0,0.0,0,0,0,0.0,0.0,0.0,0.0,0.0,1,1,8.645922160006689e-05,13.01,LOW,ALLOW,13.0,0.01
1,PAYMENT,10285.86,0,0,0.0,0,0.0,0.0,0.0,0,0,0,0.0,0.0,0.0,0.0,0.0,1,1,8.645922160006689e-05,13.01,LOW,ALLOW,13.0,0.01
1,PAYMENT,6249.78,0,0,0.0,0,0.0,0.0,0.0,0,0,0,0.0,0.0,0.0,0.0,0.0,1,1,8.645922160006689e-05,13.01,LOW,ALLOW,13.0,0.01
1,PAYMENT,848.74,0,0,0.0,0,0.0,0.0,0.0,0,0,0,0.0,0.0,0.0,0.0,0.0,1,1,8.645922160006689e-05,13.01,LOW,ALLOW,13.0,0.01
1,PAYMENT,6993.7,0,0,0.0,0,0.0,0.0,0.0,0,0,0,0.0,0.0,0.0,0.0,0.0,1,1,8.645922160006689e-05,13.01,LOW,ALLOW,13.0,0.01
1,PAYMENT,795.29,0,0,0.0,0,0.0,0.0,0.0,0,0,0,0.0,10360.0,0.0,13.026695024747063,0.0,0,1,0.0,5.0,LOW,ALLOW,5.0,0.0
1,PAYMENT,9191.46,0,0,0.0,0,0.0,0.0,0.0,0,0,0,0.0,0.0,0.0,0.0,0.0,1,1,8.645922160006689e-05,13.01,LOW,ALLOW,13.0,0.01
1,CASH_OUT,132038.4,0,0,0.0,4,35499.35498046875,0.0,3.719459306306993,0,4,0,141997.419921875,0.0,230103.953125,0.0,1.742704714939711,1,0,0.0,11.0,LOW,ALLOW,11.0,0.0
1,PAYMENT,6495.27,0,0,0.0,0,0.0,0.0,0.0,0,0,0,0.0,22040.0,0.0,3.393238454094412,0.0,0,1,0.0,5.0,LOW,ALLOW,5.0,0.0
1,PAYMENT,1679.68,0,0,0.0,0,0.0,0.0,0.0,0,0,0,0.0,15544.73046875,0.0,9.254578236138984,0.0,0,1,0.0,5.0,LOW,ALLOW,5.0,0.0
1,TRANSFER,47477.97,0,0,0.0,2,42494.189453125,0.0,1.1172814297910676,0,2,0,84988.37890625,6066.0,144658.375,0.1277645223607001,3.0468526520524324,0,0,0.0,17.0,LOW,ALLOW,17.0,0.0
1,DEBIT,1260.62,0,0,0.0,0,0.0,0.0,0.0,0,0,0,0.0,1483.0,10086.0,1.176405265459985,8.000825021867437,0,0,0.01941415218851457,1.16,LOW,ALLOW,0.0,1.94
1,PAYMENT,15034.23,0,0,0.0,0,0.0,0.0,0.0,0,0,0,0.0,40458.0,0.0,2.6910589194502235,0.0,0,1,0.0,5.0,LOW,ALLOW,5.0,0.0
1,PAYMENT,3238.39,0,0,0.0,0,0.0,0.0,0.0,0,0,0,0.0,28773.0,0.0,8.884970912842565,0.0,0,1,0.0,5.0,LOW,ALLOW,5.0,0.0
1,CASH_OUT,251241.14,0,0,0.0,4,128052.00213623048,0.0,1.962024306013681,0,4,0,512208.0085449219,25534.609375,523053.03125,0.1016338698012548,2.081876518904616,0,0,0.0,18.0,LOW,ALLOW,18.0,0.0
1,PAYMENT,3644.12,0,0,0.0,0,0.0,0.0,0.0,0,0,0,0.0,1230.0,0.0,0.3375300375524677,0.0,0,1,0.00547727971650937,20.33,LOW,ALLOW,20.0,0.55
1,CASH_OUT,283123.47,0,0,0.0,0,0.0,0.0,0.0,0,0,0,0.0,497409.0,16872.0,1.7568624819273304,0.0595923752788508,0,0,0.07202054691833233,7.32,LOW,ALLOW,3.0,7.2
1,PAYMENT,2851.83,0,0,0.0,0,0.0,0.0,0.0,0,0,0,0.0,10646.0,0.0,3.733041488572648,0.0,0,1,0.0,5.0,LOW,ALLOW,5.0,0.0
1,CASH_IN,94726.64,0,0,0.0,4,108167.40966796876,0.0,0.8757410472874723,0,4,0,432669.638671875,69854.1328125,129704.8828125,0.7374285876877628,1.3692545408209973,0,0,0.0,15.0,LOW,ALLOW,15.0,0.0
1,PAYMENT,17020.69,0,0,0.0,0,0.0,0.0,0.0,0,0,0,0.0,164580.765625,0.0,9.66945352467981,0.0,0,1,0.0,5.0,LOW,ALLOW,5.0,0.0
1,PAYMENT,6523.19,0,0,0.0,0,0.0,0.0,0.0,0,0,0,0.0,147560.078125,0.0,22.620846464757307,0.0,0,1,0.0,5.0,LOW,ALLOW,5.0,0.0
1,PAYMENT,1383.56,0,0,0.0,0,0.0,0.0,0.0,0,0,0,0.0,5309.0,0.0,3.837202416349071,0.0,0,1,0.0,5.0,LOW,ALLOW,5.0,0.0
1,DEBIT,1580.66,0,0,0.0,0,0.0,0.0,0.0,0,0,0,0.0,31156.0,12298.0,19.71075330956221,7.780294139202597,0,0,0.006357217386821309,0.38,LOW,ALLOW,0.0,0.64
1,PAYMENT,2466.95,0,0,0.0,0,0.0,0.0,0.0,0,0,0,0.0,34978.23828125,0.0,14.17873851256459,0.0,0,1,0.0,5.0,LOW,ALLOW,5.0,0.0
1,PAYMENT,1017.85,0,0,0.0,0,0.0,0.0,0.0,0,0,0,0.0,32511.2890625,0.0,31.941140484661787,0.0,0,1,0.0,5.0,LOW,ALLOW,5.0,0.0
1,PAYMENT,2270.41,0,0,0.0,0,0.0,0.0,0.0,0,0,0,0.0,60640.12109375,0.0,26.70888669500696,0.0,0,1,0.0,5.0,LOW,ALLOW,5.0,0.0
1,CASH_OUT,102265.88,0,0,0.0,7,217953.84654017855,0.0,0.4692088918634792,0,7,0,1525676.92578125,58369.7109375,1438958.75,0.5707642601053794,14.070760554996308,0,0,0.010005209269980166,18.6,LOW,ALLOW,18.0,1.0
1,DEBIT,13758.63,0,0,0.0,0,0.0,0.0,0.0,0,0,0,0.0,29858.0,21305.0,2.1701288757901023,1.5484826746167906,0,0,0.012954378114564156,0.78,LOW,ALLOW,0.0,1.3
1,CASH_IN,5221.77,0,0,0.0,0,0.0,0.0,0.0,0,0,0,0.0,1046.0,0.0,0.2003152180367181,0.0,0,1,0.033532226804347476,22.01,LOW,ALLOW,20.0,3.35
1,PAYMENT,12256.66,0,0,0.0,0,0.0,0.0,0.0,0,0,0,0.0,20800.0,0.0,1.6970365282905815,0.0,0,1,0.0,5.0,LOW,ALLOW,5.0,0.0
1,PAYMENT,8227.3,0,0,0.0,0,0.0,0.0,0.0,0,0,0,0.0,6207.0,0.0,0.7544395059559595,0.0,0,1,0.00618350222389134,20.37,LOW,ALLOW,20.0,0.62
1,PAYMENT,527.15,0,0,0.0,0,0.0,0.0,0.0,0,0,0,0.0,72421.0,0.0,137.38214293074793,0.0,0,1,0.0,5.0,LOW,ALLOW,5.0,0.0
1,PAYMENT,950.25,0,0,0.0,0,0.0,0.0,0.0,0,0,0,0.0,204944.0,0.0,215.6737700605104,0.0,0,1,0.0,5.0,LOW,ALLOW,5.0,0.0
1,PAYMENT,12728.46,0,0,0.0,0,0.0,0.0,0.0,0,0,0,0.0,83636.0,0.0,6.570787059602762,0.0,0,1,0.0,5.0,LOW,ALLOW,5.0,0.0
1,PAYMENT,1002.96,0,0,0.0,0,0.0,0.0,0.0,0,0,0,0.0,8325.0,0.0,8.300430543209593,0.0,0,1,0.0,5.0,LOW,ALLOW,5.0,0.0
1,PAYMENT,6917.1,0,0,0.0,0,0.0,0.0,0.0,0,0,0,0.0,13555.0,0.0,1.959636236085827,0.0,0,1,0.0,5.0,LOW,ALLOW,5.0,0.0
1,PAYMENT,1977.17,0,0,0.0,0,0.0,0.0,0.0,0,0,0,0.0,43619.0,0.0,22.06132959255298,0.0,0,1,0.0,5.0,LOW,ALLOW,5.0,0.0
1,PAYMENT,9314.84,0,0,0.0,0,0.0,0.0,0.0,0,0,0,0.0,104536.0,0.0,11.222522528945118,0.0,0,1,0.0,5.0,LOW,ALLOW,5.0,0.0
1,PAYMENT,1157.05,0,0,0.0,0,0.0,0.0,0.0,0,0,0,0.0,52867.0,0.0,45.69119551357728,0.0,0,1,0.0,5.0,LOW,ALLOW,5.0,0.0
1,DEBIT,3766.99,0,0,0.0,1,145944.671875,0.0,0.0258110826646741,0,1,0,145944.671875,16600.0,146166.671875,4.406701383076195,38.80198042838595,0,0,0.0,0.0,LOW,ALLOW,0.0,0.0
1,PAYMENT,3464.41,0,0,0.0,0,0.0,0.0,0.0,0,0,0,0.0,5548.0,0.0,1.601427123449716,0.0,0,1,0.0,5.0,LOW,ALLOW,5.0,0.0
1,CASH_OUT,68662.06,0,0,0.0,9,68760.46549479167,0.0,0.998568901561623,0,9,0,618844.189453125,2083.590087890625,145843.390625,0.0303455796698595,2.124075294490316,0,0,0.0,23.0,LOW,ALLOW,23.0,0.0
1,DEBIT,8679.29,0,0,0.0,0,0.0,0.0,0.0,0,0,0,0.0,150592.0,21056.0,17.350727919246527,2.426004881186616,0,0,0.00021100332771807755,0.01,LOW,ALLOW,0.0,0.02
1,PAYMENT,15266.05,0,0,0.0,0,0.0,0.0,0.0,0,0,0,0.0,13679.0,0.0,0.8960405720541937,0.0,0,1,0.00618350222389134,20.37,LOW,ALLOW,20.0,0.62
1,PAYMENT,8348.75,0,0,0.0,0,0.0,0.0,0.0,0,0,0,0.0,0.0,0.0,0.0,0.0,1,1,8.645922160006689e-05,13.01,LOW,ALLOW,13.0,0.01
1,PAYMENT,8419.73,0,0,0.0,0,0.0,0.0,0.0,0,0,0,0.0,0.0,0.0,0.0,0.0,1,1,8.645922160006689e-05,13.01,LOW,ALLOW,13.0,0.01
1,PAYMENT,6688.74,0,0,0.0,0,0.0,0.0,0.0,0,0,0,0.0,9207.0,0.0,1.3764923853198954,0.0,0,1,0.0,5.0,LOW,ALLOW,5.0,0.0
1,PAYMENT,1979.94,0,0,0.0,0,0.0,0.0,0.0,0,0,0,0.0,82034.0,0.0,41.43256988983992,0.0,0,1,0.0,5.0,LOW,ALLOW,5.0,0.0
1,PAYMENT,9574.31,0,0,0.0,0,0.0,0.0,0.0,0,0,0,0.0,52463.0,0.0,5.479559608420687,0.0,0,1,0.0,5.0,LOW,ALLOW,5.0,0.0
1,PAYMENT,5287.68,0,0,0.0,0,0.0,0.0,0.0,0,0,0,0.0,11424.0,0.0,2.1604937553380137,0.0,0,1,0.0,5.0,LOW,ALLOW,5.0,0.0
1,PAYMENT,10627.18,0,0,0.0,0,0.0,0.0,0.0,0,0,0,0.0,6136.31982421875,0.0,0.5774175279483106,0.0,0,1,0.00618350222389134,20.37,LOW,ALLOW,20.0,0.62
1,PAYMENT,5809.78,0,0,0.0,0,0.0,0.0,0.0,0,0,0,0.0,99884.0,0.0,17.1923900205649,0.0,0,1,0.0,5.0,LOW,ALLOW,5.0,0.0
1,TRANSFER,411363.53,0,0,0.0,0,0.0,0.0,0.0,0,0,0,0.0,39951.0,52170.0,0.0971184778548596,0.1268221318537215,0,0,0.013156269903944926,17.79,LOW,ALLOW,17.0,1.32
1,PAYMENT,4086.5,0,0,0.0,0,0.0,0.0,0.0,0,0,0,0.0,0.0,0.0,0.0,0.0,1,1,8.645922160006689e-05,13.01,LOW,ALLOW,13.0,0.01
1,PAYMENT,19741.22,0,0,0.0,0,0.0,0.0,0.0,0,0,0,0.0,81762.3828125,0.0,4.14170856210311,0.0,0,1,0.0,5.0,LOW,ALLOW,5.0,0.0
1,PAYMENT,5270.72,0,0,0.0,0,0.0,0.0,0.0,0,0,0,0.0,62021.171875,0.0,11.767115184815138,0.0,0,1,0.0,5.0,LOW,ALLOW,5.0,0.0
1,CASH_IN,55827.09,0,0,0.0,0,0.0,0.0,0.0,0,0,0,0.0,9907.0,19873.0,0.1774586500519356,0.3559741347009303,0,0,0.0,15.0,LOW,ALLOW,15.0,0.0
1,CASH_OUT,174068.81,0,0,0.0,13,269556.9639423077,0.0,0.6457589147548617,0,10,0,2598576.609375,65734.09375,1905641.75,0.3776328039808969,10.947634574114188,0,0,0.0035918932033822903,23.22,LOW,ALLOW,23.0,0.36
1,TRANSFER,1277212.8,1,0,0.0,0,0.0,0.0,0.0,0,0,0,0.0,1277212.75,0.0,1.0,0.0,0,1,0.9797488678240732,80.78,HIGH,STEP-UP AUTHENTICATION / REVIEW,22.0,97.97
1,CASH_OUT,1277212.8,1,0,0.0,0,0.0,0.0,0.0,0,0,0,0.0,1277212.75,0.0,1.0,0.0,0,1,0.9349263396083545,79.1,HIGH,STEP-UP AUTHENTICATION / REVIEW,23.0,93.49
1,CASH_IN,24105.5,0,0,0.0,0,0.0,0.0,0.0,0,0,0,0.0,144.0,20875.0,0.0059737404326813,0.8659849411959926,0,0,0.006146214059103231,15.37,LOW,ALLOW,15.0,0.61
1,PAYMENT,6854.06,0,0,0.0,0,0.0,0.0,0.0,0,0,0,0.0,19853.0,0.0,2.896531374146325,0.0,0,1,0.0,5.0,LOW,ALLOW,5.0,0.0
1,CASH_OUT,111899.09,0,0,0.0,2,405011.29296875,0.0,0.2762863547082227,0,2,0,810022.5859375,12998.9404296875,10026772.0,0.1161666282903877,89.60547993714204,0,0,0.006526144566617476,18.39,LOW,ALLOW,18.0,0.65
1,PAYMENT,1231.79,0,0,0.0,0,0.0,0.0,0.0,0,0,0,0.0,20792.0,0.0,16.87950002893718,0.0,0,1,0.0,5.0,LOW,ALLOW,5.0,0.0
1,PAYMENT,3380.1,0,0,0.0,0,0.0,0.0,0.0,0,0,0,0.0,19560.2109375,0.0,5.78687327959991,0.0,0,1,0.0,5.0,LOW,ALLOW,5.0,0.0
1,DEBIT,2869.65,0,0,0.0,0,0.0,0.0,0.0,0,0,0,0.0,8768.0,15485.0,3.0554249815766195,5.396128631354237,0,0,0.006146214059103231,0.37,LOW,ALLOW,0.0,0.61
1,PAYMENT,1658.87,0,0,0.0,0,0.0,0.0,0.0,0,0,0,0.0,16543.0,0.0,9.972451155722636,0.0,0,1,0.0,5.0,LOW,ALLOW,5.0,0.0
1,PAYMENT,823.36,0,0,0.0,0,0.0,0.0,0.0,0,0,0,0.0,14884.1298828125,0.0,18.077305367781744,0.0,0,1,0.0,5.0,LOW,ALLOW,5.0,0.0
1,PAYMENT,7541.47,0,0,0.0,0,0.0,0.0,0.0,0,0,0,0.0,14060.76953125,0.0,1.8644599966163653,0.0,0,1,0.0,5.0,LOW,ALLOW,5.0,0.0
1,DEBIT,3635.93,0,0,0.0,2,85792.96875,0.0,0.0423802787642853,0,2,0,171585.9375,106929.0,95816.7890625,29.40898257402636,26.352760054224973,0,0,0.0,0.0,LOW,ALLOW,0.0,0.0
1,PAYMENT,1328.59,0,0,0.0,0,0.0,0.0,0.0,0,0,0,0.0,14469.0,0.0,10.890493208765424,0.0,0,1,0.0,5.0,LOW,ALLOW,5.0,0.0
1,TRANSFER,56145.85,0,0,0.0,0,0.0,0.0,0.0,0,0,0,0.0,21528.0,5075.0,0.3834299311683897,0.0903895810423438,0,0,0.012691312362782715,17.76,LOW,ALLOW,17.0,1.27
1,PAYMENT,973.18,0,0,0.0,0,0.0,0.0,0.0,0,0,0,0.0,10762.0,0.0,11.058591505164044,0.0,0,1,0.0,5.0,LOW,ALLOW,5.0,0.0
1,PAYMENT,619.24,0,0,0.0,0,0.0,0.0,0.0,0,0,0,0.0,31960.0,0.0,51.61165380792593,0.0,0,1,0.0,5.0,LOW,ALLOW,5.0,0.0
1,DEBIT,300.41,0,0,0.0,5,155064.3890625,0.0,0.0019373242656057,0,5,0,775321.9453125,39167.0,48749.55078125,130.37848115089292,162.27672243592056,0,0,0.0,0.0,LOW,ALLOW,0.0,0.0
1,TRANSFER,700967.2,0,0,0.0,1,9536.5400390625,0.0,73.50330252154107,0,1,0,9536.5400390625,15383.0,50767.4296875,0.0219453924153903,0.0724248304240346,0,0,0.0,32.0,LOW,ALLOW,32.0,0.0
1,PAYMENT,8354.27,0,0,0.0,0,0.0,0.0,0.0,0,0,0,0.0,5611.0,0.0,0.6716326279648365,0.0,0,1,0.00618350222389134,20.37,LOW,ALLOW,20.0,0.62
1,DEBIT,5423.28,0,0,0.0,0,0.0,0.0,0.0,0,0,0,0.0,20281.0,11523.0,3.7396189766034142,2.124729030491649,0,0,0.006146214059103231,0.37,LOW,ALLOW,0.0,0.61
1,PAYMENT,708.59,0,0,0.0,0,0.0,0.0,0.0,0,0,0,0.0,14857.7197265625,0.0,20.968005706342,0.0,0,1,0.0,5.0,LOW,ALLOW,5.0,0.0
1,PAYMENT,8358.81,0,0,0.0,0,0.0,0.0,0.0,0,0,0,0.0,3467.0,0.0,0.4147719804879325,0.0,0,1,0.00618350222389134,20.37,LOW,ALLOW,20.0,0.62
1,PAYMENT,2245.62,0,0,0.0,0,0.0,0.0,0.0,0,0,0,0.0,30910.0,0.0,13.764572094550372,0.0,0,1,0.0,5.0,LOW,ALLOW,5.0,0.0
1,PAYMENT,4593.59,0,0,0.0,0,0.0,0.0,0.0,0,0,0,0.0,78282.0,0.0,17.041573728335766,0.0,0,1,0.0,5.0,LOW,ALLOW,5.0,0.0
1,PAYMENT,399.66,0,0,0.0,0,0.0,0.0,0.0,0,0,0,0.0,153760.0,0.0,384.72701443999296,0.0,0,1,0.0,5.0,LOW,ALLOW,5.0,0.0
1,PAYMENT,1617.9,0,0,0.0,0,0.0,0.0,0.0,0,0,0,0.0,507865.0,0.0,313.90382121041625,0.0,0,1,0.0,5.0,LOW,ALLOW,5.0,0.0
1,PAYMENT,2167.26,0,0,0.0,0,0.0,0.0,0.0,0,0,0,0.0,13669.0,0.0,6.307042043136399,0.0,0,1,0.0,5.0,LOW,ALLOW,5.0,0.0
1,PAYMENT,9738.95,0,0,0.0,0,0.0,0.0,0.0,0,0,0,0.0,289748.0,0.0,29.75146131658625,0.0,0,1,0.0,5.0,LOW,ALLOW,5.0,0.0
1,PAYMENT,3396.25,0,0,0.0,0,0.0,0.0,0.0,0,0,0,0.0,18524.0,0.0,5.454251012145749,0.0,0,1,0.0,5.0,LOW,ALLOW,5.0,0.0
1,PAYMENT,6780.78,0,0,0.0,0,0.0,0.0,0.0,0,0,0,0.0,52640.0,0.0,7.763118943227414,0.0,0,1,0.0,5.0,LOW,ALLOW,5.0,0.0
1,PAYMENT,2284.54,0,0,0.0,0,0.0,0.0,0.0,0,0,0,0.0,539.0,0.0,0.2359337069098547,0.0,0,1,0.00547727971650937,20.33,LOW,ALLOW,20.0,0.55
